123724,1.0
10951,2.0
10953,3.0
10964,4.0
11008,5.0
11019,6.0
11030,7.0
12989,8.0
16596,9.0
16620,10.0
16635,11.0
22533,12.0
27968,13.0
27977,14.0
29211,15.0
29222,16.0
29255,17.0
29277,18.0
29300,1.0
29311,19.0
29335,20.0
29357,21.0
32523,22.0
33566,23.0
53932,24.0
85845,25.0
88112,26.0
88151,13.0
99274,27.0
101000,28.0
106975,29.0
148110,24.0
172406,16.0
448060,30.0
438509,22.0
405001,31.0
583083,32.0
531297,32.0
577832,23.0
597805,33.0
573060,23.0
450255,34.0
560085,35.0
388078,15.0
599644,22.0
190576,22.0
567751,36.0
512109,15.0
419789,32.0
371189,32.0
448436,1.0
480150,13.0
591791,30.0
159850,14.0
189355,30.0
399522,37.0
170896,1.0
387730,23.0
407004,38.0
417337,39.0
418277,40.0
409928,41.0
411496,42.0
412914,43.0
178742,44.0
445141,32.0
482912,15.0
121873,45.0
2149,nan
2325,nan
2350,nan
9321,nan
10589,50.0
13950,51.0
13958,52.0
14692,45.0
17739,53.0
24590,54.0
48076,55.0
48491,56.0
57513,57.0
57547,58.0
57554,59.0
75631,60.0
82158,59.0
82170,61.0
82181,62.0
82192,58.0
87202,63.0
88392,64.0
92799,58.0
98791,65.0
103013,62.0
461442,66.0
146490,67.0
165762,68.0
133715,69.0
465222,70.0
439826,67.0
503760,71.0
378859,72.0
500304,73.0
530741,74.0
537674,57.0
547063,67.0
547202,75.0
555047,74.0
584575,76.0
598881,57.0
563156,77.0
590036,58.0
598489,78.0
542733,79.0
445715,59.0
467722,62.0
513619,80.0
574198,74.0
536118,81.0
526613,82.0
592459,83.0
579196,84.0
597091,85.0
520552,86.0
549225,87.0
570731,74.0
492655,88.0
384011,89.0
134204,90.0
410284,91.0
512197,92.0
457238,93.0
461000,94.0
480971,52.0
493886,95.0
514151,96.0
541309,97.0
541673,98.0
594990,99.0
147175,100.0
147197,101.0
180472,102.0
144885,103.0
171884,68.0
186748,67.0
114678,104.0
387750,105.0
113088,106.0
430144,68.0
404491,107.0
404533,108.0
453226,109.0
435534,62.0
436698,67.0
199371,110.0
113890,111.0
135090,112.0
12948,113.0
12963,114.0
15823,115.0
15855,116.0
15873,117.0
15882,118.0
15904,119.0
15944,120.0
24547,121.0
31648,122.0
39963,123.0
42626,124.0
57747,125.0
59803,121.0
69347,126.0
69694,127.0
85770,128.0
88029,129.0
97039,130.0
101845,131.0
105065,132.0
106384,133.0
164827,122.0
54872,134.0
165799,135.0
462049,136.0
448125,137.0
123355,138.0
486062,139.0
505883,140.0
505891,141.0
485304,142.0
551897,143.0
572422,144.0
541846,145.0
408861,146.0
505280,147.0
505875,148.0
491764,149.0
518352,150.0
575506,151.0
561780,152.0
540253,153.0
595296,154.0
552728,155.0
175009,156.0
498427,157.0
166326,158.0
190425,159.0
153520,160.0
153531,161.0
153542,124.0
504235,149.0
519859,122.0
425364,162.0
549601,163.0
132488,164.0
492354,165.0
169939,166.0
389944,167.0
419749,168.0
189685,169.0
480590,170.0
480806,171.0
480848,172.0
484721,173.0
502435,174.0
168329,175.0
182307,176.0
184263,177.0
115621,178.0
415368,179.0
121159,180.0
446268,181.0
446688,182.0
419461,175.0
112191,183.0
192806,184.0
436796,185.0
439393,186.0
417089,187.0
178312,188.0
480574,189.0
480582,190.0
98924,191.0
105914,192.0
135772,193.0
135855,194.0
462069,195.0
462093,196.0
475159,197.0
500101,192.0
579726,198.0
472759,192.0
564441,197.0
168423,199.0
385434,200.0
370742,201.0
370759,191.0
370969,191.0
405647,202.0
447986,197.0
451677,203.0
44580,204.0
44591,205.0
70563,206.0
76792,207.0
135654,208.0
533147,209.0
548899,210.0
137797,211.0
167588,212.0
444932,213.0
35433,214.0
41535,215.0
49737,216.0
83164,216.0
133981,216.0
509982,216.0
446925,215.0
567441,215.0
528858,215.0
501087,215.0
380259,215.0
389243,217.0
482555,216.0
47082,218.0
60429,218.0
72329,219.0
88653,220.0
91650,221.0
99172,222.0
122731,223.0
122742,224.0
122764,225.0
122775,226.0
122786,227.0
122797,228.0
122819,229.0
126704,219.0
465079,230.0
422615,231.0
519588,222.0
568054,232.0
590522,222.0
545028,233.0
584797,221.0
428256,234.0
481798,231.0
147569,230.0
410073,221.0
143264,234.0
189312,235.0
169006,218.0
415894,219.0
67771,236.0
67782,237.0
403992,238.0
376434,220.0
421870,239.0
430610,240.0
412930,241.0
383037,242.0
86823,243.0
445508,244.0
512263,245.0
130958,246.0
148452,247.0
198861,248.0
193651,244.0
394920,247.0
376235,245.0
701,nan
6827,nan
6849,nan
6860,nan
6915,nan
6937,nan
6948,nan
6970,nan
6992,nan
7003,nan
9113,nan
9213,nan
9216,nan
9525,nan
9560,nan
9591,nan
9618,nan
9624,nan
9635,nan
16579,268.0
16655,269.0
17217,270.0
17316,271.0
17388,272.0
17399,273.0
19775,274.0
23168,275.0
23485,276.0
25317,277.0
25323,278.0
28387,279.0
34033,280.0
40318,281.0
42205,282.0
44519,283.0
51901,284.0
58506,285.0
75869,286.0
75878,287.0
75888,288.0
75897,289.0
75906,290.0
75915,291.0
79014,292.0
84651,293.0
117770,294.0
107705,295.0
124741,296.0
142164,297.0
144309,298.0
464508,275.0
547359,299.0
423894,300.0
526647,297.0
545681,301.0
550492,297.0
580823,302.0
584893,303.0
411033,297.0
532869,304.0
158751,305.0
191590,279.0
568709,302.0
125331,306.0
125342,275.0
127873,307.0
496174,308.0
508671,309.0
508689,310.0
508705,311.0
138604,312.0
159894,302.0
145022,313.0
155758,275.0
183802,279.0
383000,314.0
402447,315.0
467437,316.0
467474,317.0
392005,279.0
432278,318.0
416098,319.0
116199,320.0
480316,321.0
18718,322.0
98200,323.0
508861,324.0
26000,325.0
10290,326.0
10334,327.0
11985,328.0
89227,329.0
461811,330.0
494835,331.0
473477,326.0
575713,332.0
573646,326.0
379648,333.0
396898,334.0
151518,335.0
151529,333.0
371857,336.0
415845,337.0
372967,338.0
116649,333.0
171081,339.0
445949,340.0
448916,341.0
4294,nan
7317,nan
59644,344.0
89891,345.0
590909,346.0
591118,347.0
170469,348.0
12945,349.0
515049,349.0
189148,350.0
466707,349.0
33201,351.0
36261,352.0
37335,353.0
37346,354.0
37357,355.0
37368,356.0
37379,357.0
37391,358.0
37402,359.0
37413,360.0
37425,361.0
37436,362.0
37447,363.0
37458,364.0
37470,365.0
40317,366.0
66292,367.0
92605,368.0
97531,369.0
97577,370.0
119505,371.0
465489,372.0
452361,373.0
479007,374.0
478456,375.0
491966,352.0
517932,376.0
566238,367.0
195326,369.0
372076,377.0
440455,378.0
431060,379.0
492701,352.0
495270,380.0
167046,367.0
398046,381.0
441481,382.0
199454,380.0
20586,383.0
28734,384.0
503406,384.0
399264,385.0
3775,nan
6732,nan
8414,nan
16930,389.0
56308,390.0
59517,391.0
61723,392.0
62544,393.0
63057,394.0
86142,391.0
88196,395.0
99204,396.0
168697,397.0
494756,395.0
380901,391.0
504990,398.0
524768,399.0
552989,400.0
450215,401.0
548975,395.0
480761,402.0
193975,403.0
171592,404.0
155647,405.0
404386,393.0
123601,406.0
43729,407.0
43737,408.0
45137,409.0
55193,407.0
88975,410.0
90626,411.0
95724,412.0
149120,413.0
142323,414.0
443685,415.0
472332,416.0
568096,417.0
597759,418.0
573382,419.0
562322,411.0
379742,420.0
152748,411.0
504423,421.0
570536,422.0
471256,411.0
141925,423.0
457580,424.0
555924,425.0
564355,422.0
176930,417.0
149013,426.0
375639,427.0
199539,420.0
199570,428.0
457622,429.0
34899,430.0
113606,431.0
114134,432.0
111146,433.0
10256,434.0
13846,435.0
14510,436.0
15072,437.0
47180,438.0
47413,439.0
48770,440.0
53405,441.0
53462,442.0
67078,436.0
88778,443.0
89540,444.0
91308,445.0
92837,446.0
95281,447.0
104612,448.0
107110,449.0
135881,450.0
107128,451.0
122264,452.0
122684,453.0
159230,454.0
144329,455.0
464112,456.0
464327,457.0
389809,458.0
510200,459.0
478389,460.0
576993,461.0
585661,462.0
585679,439.0
568648,463.0
573477,464.0
522043,465.0
161363,66.0
161374,46.0
373205,466.0
142962,467.0
390097,468.0
553923,469.0
495302,470.0
399501,471.0
392149,472.0
427740,473.0
427757,474.0
110940,475.0
110957,476.0
110981,477.0
110999,478.0
111062,479.0
414292,480.0
424667,481.0
460339,482.0
199333,483.0
139631,484.0
39666,485.0
56533,486.0
56542,487.0
56551,488.0
56560,489.0
74116,490.0
74127,491.0
98290,492.0
174166,493.0
426888,494.0
572463,495.0
504732,496.0
515140,497.0
576857,498.0
590460,499.0
595490,500.0
596044,501.0
584543,497.0
558883,502.0
569578,503.0
167315,504.0
160701,505.0
442633,506.0
431290,507.0
496783,508.0
17048,509.0
64854,510.0
71666,511.0
87779,512.0
461637,513.0
126294,514.0
473467,515.0
530540,73.0
548492,516.0
445899,110.0
402972,517.0
403130,516.0
407777,110.0
25372,518.0
147894,519.0
31088,520.0
86342,521.0
156506,521.0
156517,522.0
166628,523.0
433086,524.0
541048,525.0
582080,526.0
582114,527.0
582130,528.0
595010,529.0
466541,521.0
458163,530.0
483540,531.0
516902,532.0
130305,533.0
380233,534.0
109697,535.0
434559,536.0
110124,537.0
128182,538.0
140156,539.0
16554,540.0
20640,541.0
32257,542.0
42195,543.0
50503,544.0
50640,545.0
51191,546.0
54262,547.0
64018,548.0
73582,549.0
85609,550.0
90762,551.0
92582,539.0
98214,552.0
159199,553.0
126374,554.0
458577,555.0
464545,556.0
483968,557.0
527765,558.0
404818,539.0
422846,559.0
424232,560.0
490667,561.0
562997,550.0
575660,562.0
597640,538.0
555073,563.0
179726,564.0
417898,565.0
385760,566.0
386485,567.0
506553,568.0
599556,550.0
592417,569.0
124386,570.0
134421,571.0
182086,572.0
180729,559.0
180745,573.0
458239,574.0
469899,575.0
487361,576.0
117354,577.0
108889,578.0
181476,579.0
188338,580.0
49319,581.0
196518,582.0
372646,583.0
434536,584.0
391897,585.0
454850,586.0
4045,nan
4205,nan
4213,nan
4233,nan
27363,591.0
27687,592.0
28285,593.0
58868,594.0
71319,595.0
88844,596.0
91778,587.0
153671,590.0
166831,596.0
166864,594.0
166875,597.0
166886,598.0
166897,599.0
166919,600.0
166930,590.0
166941,601.0
166952,602.0
124903,598.0
133580,593.0
126970,600.0
132580,603.0
380734,596.0
522314,604.0
520070,590.0
484298,605.0
523570,598.0
557481,606.0
533681,594.0
514924,593.0
554331,588.0
559828,598.0
546281,595.0
561725,607.0
589662,608.0
598012,609.0
399825,610.0
468915,600.0
166207,611.0
562396,612.0
528311,613.0
567805,614.0
519070,615.0
125965,594.0
126093,616.0
177199,617.0
487459,597.0
166132,618.0
85122,612.0
374450,619.0
403929,587.0
401357,620.0
430839,621.0
422327,597.0
432316,620.0
440828,622.0
402744,612.0
498949,597.0
116313,623.0
465337,624.0
137460,625.0
382334,626.0
399211,627.0
478812,628.0
537384,629.0
537503,630.0
176316,631.0
182473,632.0
448872,633.0
29502,634.0
101684,635.0
456346,636.0
557624,637.0
381211,638.0
483783,639.0
162666,640.0
132273,640.0
409447,641.0
392390,642.0
77640,643.0
87117,644.0
444260,645.0
371057,646.0
122123,647.0
1316,nan
1344,nan
1350,nan
13608,651.0
132096,652.0
19294,653.0
19316,654.0
26692,655.0
35936,656.0
36319,657.0
36459,658.0
38029,659.0
46677,660.0
57379,656.0
57407,661.0
59211,662.0
71860,647.0
73947,663.0
75009,664.0
79148,665.0
79442,666.0
80897,667.0
87312,668.0
87320,669.0
93252,647.0
93260,670.0
93273,671.0
94949,672.0
96442,673.0
102036,665.0
102871,400.0
107052,674.0
461441,675.0
117523,676.0
158188,677.0
154521,658.0
141051,678.0
472185,679.0
504611,661.0
545262,676.0
502675,680.0
554720,681.0
521252,682.0
521260,683.0
521278,684.0
447013,685.0
585868,686.0
597773,687.0
588277,688.0
598949,689.0
576123,690.0
417791,675.0
598190,691.0
429783,670.0
530135,692.0
560682,665.0
572752,670.0
586171,693.0
586397,694.0
425358,674.0
407399,695.0
392962,696.0
143617,697.0
536954,698.0
127634,699.0
127875,700.0
150205,701.0
150216,702.0
150228,703.0
419041,704.0
454445,705.0
455325,706.0
458266,707.0
480160,660.0
502157,708.0
564366,704.0
594999,709.0
107813,682.0
107821,668.0
107839,669.0
144483,710.0
184046,711.0
184189,712.0
397087,698.0
114710,nan
382112,660.0
387390,687.0
407058,666.0
401003,713.0
411918,687.0
421569,657.0
421821,714.0
423072,715.0
423222,654.0
409748,397.0
449366,716.0
429393,717.0
425282,660.0
536762,718.0
53552,719.0
53589,720.0
176429,721.0
26101,722.0
26114,723.0
490539,724.0
508921,724.0
495928,725.0
29191,726.0
29555,726.0
106627,726.0
161183,726.0
511932,726.0
539712,727.0
546299,728.0
430673,729.0
567460,730.0
183660,731.0
156421,732.0
465725,733.0
134186,734.0
183089,735.0
446098,736.0
50525,194.0
407501,737.0
28110,738.0
28121,739.0
54402,740.0
56193,741.0
413428,740.0
172309,742.0
474527,739.0
557317,739.0
198286,738.0
563003,739.0
417862,738.0
574264,741.0
381413,738.0
143609,740.0
143631,741.0
563184,743.0
445022,744.0
34302,745.0
66552,746.0
76024,747.0
76033,748.0
76043,746.0
76052,749.0
484845,750.0
190121,751.0
173753,750.0
489306,746.0
509089,745.0
499797,752.0
489863,753.0
569274,745.0
569370,754.0
512252,755.0
98919,749.0
162496,747.0
162518,748.0
130640,748.0
497840,746.0
475861,749.0
161998,756.0
407125,757.0
27051,758.0
45475,759.0
48123,760.0
48369,759.0
77320,761.0
494334,760.0
579967,761.0
585516,761.0
180233,758.0
192222,762.0
49334,759.0
551918,760.0
526935,758.0
195437,763.0
384125,760.0
431737,764.0
134029,765.0
106390,766.0
488468,767.0
553720,768.0
461113,769.0
477347,770.0
555572,771.0
1588,nan
1605,nan
2194,nan
137446,775.0
25806,776.0
37846,777.0
37853,778.0
42405,779.0
44339,780.0
52505,781.0
52515,782.0
52524,783.0
52533,784.0
64866,785.0
84744,786.0
88684,787.0
92940,788.0
129920,789.0
466278,790.0
538435,791.0
525958,777.0
554948,792.0
505332,793.0
587958,794.0
525155,795.0
588505,796.0
562202,797.0
158665,798.0
492666,799.0
393242,800.0
412241,801.0
424996,797.0
155690,778.0
121104,802.0
382164,803.0
160417,804.0
440936,778.0
117963,777.0
480519,803.0
122053,805.0
3064,nan
3078,nan
3112,nan
3158,nan
3173,nan
9346,nan
14081,812.0
16557,813.0
19543,814.0
19571,815.0
28148,816.0
29198,817.0
47192,812.0
51550,818.0
51766,819.0
65076,820.0
72067,817.0
72078,821.0
72912,812.0
90229,822.0
90240,823.0
99330,824.0
103922,825.0
78452,812.0
107203,826.0
146700,827.0
127425,808.0
125426,812.0
178004,828.0
153115,829.0
153150,830.0
156723,831.0
129657,832.0
154480,833.0
458884,834.0
379106,835.0
475144,836.0
512909,837.0
492964,838.0
511485,839.0
511519,840.0
527649,841.0
545229,842.0
517630,843.0
490686,807.0
136359,844.0
515032,845.0
576613,846.0
564621,837.0
441694,847.0
523013,848.0
428018,849.0
146020,850.0
386574,851.0
498408,852.0
529787,853.0
574462,854.0
586049,855.0
416708,856.0
509674,812.0
496935,837.0
496950,857.0
497099,858.0
470752,859.0
393042,860.0
431845,833.0
125981,861.0
419290,862.0
448265,863.0
479260,864.0
541505,865.0
585359,866.0
175644,809.0
184100,817.0
390694,867.0
115727,868.0
193444,869.0
396318,838.0
384822,870.0
393756,838.0
384498,871.0
391941,834.0
418144,872.0
420172,873.0
178617,874.0
474025,875.0
117893,876.0
23378,877.0
23404,878.0
23426,879.0
23437,880.0
23455,881.0
101961,43.0
557416,882.0
539793,883.0
373254,884.0
183485,885.0
131130,886.0
418642,887.0
469415,888.0
479255,882.0
107785,889.0
114062,890.0
113415,891.0
30816,892.0
39746,893.0
52692,890.0
64644,894.0
66916,895.0
86826,896.0
86928,897.0
100148,898.0
105217,899.0
164829,900.0
164840,901.0
123862,902.0
146780,903.0
433036,904.0
494724,905.0
487696,906.0
488847,905.0
566896,907.0
570042,908.0
518006,907.0
593511,909.0
179918,910.0
377240,911.0
462866,906.0
519847,893.0
549092,906.0
549654,912.0
492461,913.0
392855,914.0
154264,915.0
154275,916.0
371583,892.0
371591,903.0
412361,917.0
371609,915.0
371617,916.0
190036,918.0
374587,919.0
374595,920.0
374603,921.0
389364,899.0
410501,906.0
419385,922.0
467463,923.0
113704,924.0
59167,410.0
74502,925.0
77689,926.0
86002,927.0
86772,928.0
89513,929.0
105640,930.0
106001,931.0
455704,932.0
529524,926.0
512423,933.0
404939,934.0
524780,935.0
559820,936.0
442348,937.0
578471,938.0
386225,939.0
506879,940.0
511183,941.0
534424,942.0
133155,943.0
437351,944.0
486072,945.0
594439,928.0
370007,946.0
193410,947.0
400764,948.0
411518,949.0
398605,950.0
113612,951.0
41953,952.0
56913,953.0
79290,954.0
101655,952.0
439684,952.0
487118,955.0
571170,956.0
140591,957.0
514731,952.0
182694,952.0
173435,958.0
49539,959.0
380260,952.0
112877,960.0
61687,961.0
61706,962.0
103009,963.0
65546,964.0
90435,965.0
490101,964.0
441924,964.0
588134,966.0
540354,964.0
542915,967.0
534401,968.0
393943,969.0
518450,964.0
112695,970.0
189,nan
2943,nan
3164,nan
3175,nan
9282,nan
28396,976.0
28405,977.0
29310,978.0
29321,979.0
42469,980.0
43919,981.0
45537,982.0
48028,983.0
62625,984.0
64596,985.0
85386,986.0
85488,987.0
85584,988.0
89868,982.0
96304,989.0
96685,990.0
98822,991.0
107080,992.0
168997,993.0
494510,994.0
379158,995.0
395299,996.0
477752,997.0
522412,998.0
405168,999.0
505427,1000.0
537465,1001.0
553035,982.0
583916,1002.0
571329,125.0
580960,1003.0
547094,1004.0
591828,1005.0
472771,1006.0
580439,1007.0
540503,1008.0
597909,125.0
485512,1009.0
135317,1010.0
159727,1011.0
411084,1012.0
166351,1013.0
166362,1014.0
414680,1015.0
503271,1016.0
570443,1006.0
132295,125.0
132355,1017.0
141856,1018.0
395035,1019.0
435946,992.0
457975,1020.0
523772,982.0
594517,970.0
187064,1021.0
179357,1022.0
183230,1023.0
169433,1024.0
192699,1025.0
388393,1026.0
193423,982.0
141355,1027.0
141388,1028.0
404163,1029.0
389066,1030.0
467459,1031.0
115241,970.0
420079,1032.0
398810,1006.0
110284,970.0
449092,982.0
429098,1033.0
110022,1034.0
440975,1035.0
475471,1036.0
4263,nan
4280,nan
4295,nan
4297,nan
24557,nan
24568,1041.0
64742,1042.0
69960,1043.0
79555,1044.0
158007,1045.0
158018,1046.0
158040,1047.0
538067,1048.0
405200,1049.0
594153,1050.0
582732,1051.0
136030,1052.0
136041,1053.0
136086,1054.0
533363,1055.0
548563,1056.0
587051,1057.0
427874,1058.0
599460,1059.0
468927,1060.0
588663,1061.0
165055,1058.0
154903,1062.0
373887,1063.0
418334,1064.0
442907,1065.0
399482,1066.0
420164,1051.0
436394,1067.0
471187,1068.0
67229,1069.0
86936,1070.0
140950,1071.0
5494,nan
10573,1073.0
484271,1074.0
197927,1075.0
85205,1076.0
404426,1077.0
112704,1078.0
112713,1079.0
112723,1080.0
112732,1081.0
42280,1082.0
49104,1083.0
402927,1084.0
449647,1085.0
454659,1086.0
416095,854.0
409977,1078.0
431504,1087.0
467235,855.0
450584,1078.0
183720,854.0
183763,1088.0
372921,851.0
390362,1089.0
171227,855.0
112750,1084.0
392681,871.0
143637,1079.0
129079,872.0
178991,872.0
459838,855.0
187594,1079.0
533028,854.0
416478,872.0
430870,863.0
583810,1081.0
543517,863.0
137883,851.0
526934,871.0
586939,855.0
571902,863.0
591037,1084.0
465623,1090.0
511086,1091.0
538495,1078.0
514105,863.0
516611,1081.0
509375,1092.0
530608,1079.0
524441,1093.0
122793,1078.0
443441,1094.0
458636,851.0
439916,1080.0
380739,855.0
477385,1084.0
97455,1080.0
99482,871.0
104688,872.0
413360,854.0
152410,871.0
174429,1084.0
66176,1081.0
66497,871.0
66614,1095.0
76657,851.0
90153,1096.0
91219,1097.0
94812,1098.0
528487,1099.0
520640,1098.0
439056,1100.0
381625,1101.0
28045,1102.0
435550,1103.0
27330,1104.0
146766,1105.0
56927,1106.0
458678,1106.0
491753,1106.0
435202,1107.0
370315,1106.0
407779,1108.0
372149,1109.0
433237,1110.0
43759,1111.0
21502,1112.0
21539,1113.0
22396,1114.0
24932,1115.0
25097,1116.0
32092,1117.0
35049,1118.0
42410,1119.0
49903,1120.0
50748,1121.0
51775,1122.0
55044,1123.0
60691,1124.0
64085,1112.0
64836,1125.0
64847,1126.0
73086,1112.0
73821,1127.0
79233,1125.0
79778,1128.0
79787,1129.0
79796,1130.0
79842,1131.0
82039,1126.0
86765,1132.0
87539,1133.0
91071,1134.0
100690,1135.0
461548,1114.0
168767,1121.0
122326,1121.0
178225,1112.0
119013,1136.0
170874,1113.0
138091,1137.0
439708,1138.0
123217,1139.0
481509,1113.0
473040,1112.0
506276,1140.0
490176,1137.0
490295,1141.0
490506,1142.0
500031,1143.0
483121,1137.0
475916,1144.0
484604,1119.0
503096,1137.0
594280,1145.0
136181,1146.0
518224,1119.0
566114,1138.0
583515,1147.0
377587,1137.0
175236,1138.0
506963,1148.0
534471,1149.0
579182,1150.0
569568,1150.0
381440,1151.0
425379,1138.0
453503,1113.0
132322,1135.0
578341,1152.0
163919,1153.0
382365,1143.0
459438,1154.0
495256,1155.0
502002,1156.0
555621,1157.0
564249,1158.0
594367,1112.0
159772,1159.0
161720,1160.0
175974,1113.0
179257,1161.0
169406,1119.0
192313,1162.0
195030,1163.0
394609,1164.0
394720,1165.0
412015,1166.0
426152,1167.0
433208,1168.0
430350,1169.0
398964,1170.0
444936,1126.0
440860,1141.0
436478,1113.0
450291,1143.0
402673,1171.0
199316,1138.0
116572,1172.0
451979,1141.0
128045,1173.0
128290,1174.0
4002,nan
131577,1176.0
23973,1177.0
29759,1178.0
31085,1179.0
38376,1180.0
38399,1181.0
43864,1182.0
47801,1183.0
49894,1184.0
55511,1184.0
57349,1185.0
57455,1186.0
61937,1187.0
64697,1188.0
65093,1189.0
68070,1190.0
77315,1191.0
78813,1192.0
91334,1193.0
101064,1194.0
107219,1195.0
127111,1188.0
462247,1196.0
439932,1176.0
572171,1180.0
511423,1197.0
511711,1198.0
484614,1199.0
536547,1200.0
136131,1201.0
527914,1202.0
533563,1183.0
575140,1176.0
568392,1184.0
546270,1203.0
539031,1204.0
539049,1205.0
546998,1206.0
595634,1207.0
540212,1208.0
159711,1209.0
467720,1188.0
586107,1198.0
397647,1210.0
165319,1211.0
379669,1212.0
379677,1213.0
379685,1214.0
466482,1200.0
486392,1215.0
537026,1206.0
164108,1176.0
374835,1216.0
395175,1176.0
480302,1178.0
494138,1217.0
558022,1178.0
149882,1218.0
379198,1205.0
378759,1219.0
162115,1220.0
162149,1221.0
162354,1215.0
467563,1207.0
424432,1206.0
435523,1222.0
173844,1223.0
468376,1207.0
31070,1224.0
62760,1225.0
62844,1226.0
94425,1227.0
94433,1228.0
107108,1224.0
528241,1224.0
161398,1229.0
161414,1230.0
147068,1224.0
125083,1231.0
435710,1232.0
156342,1233.0
478210,1234.0
527495,1235.0
570005,1236.0
583297,1237.0
588520,1238.0
592804,1239.0
118420,1240.0
501527,1241.0
155638,1242.0
444765,1241.0
29350,1243.0
156220,1244.0
125123,1245.0
182429,1243.0
467675,1246.0
174027,1247.0
55746,1248.0
60206,1249.0
102999,1249.0
118702,1249.0
518690,1248.0
199505,1250.0
199612,1251.0
199661,1252.0
52529,1253.0
123894,1254.0
407324,1255.0
175813,1256.0
75819,1257.0
458931,1258.0
403377,1259.0
413671,1260.0
172595,1261.0
522752,1262.0
186073,1263.0
374906,1264.0
167682,1265.0
409733,1266.0
386892,1267.0
489081,1268.0
578286,1269.0
578310,1270.0
578328,1271.0
387088,1272.0
199954,1273.0
444410,1274.0
44691,1275.0
194133,1276.0
394543,1277.0
485006,1278.0
197313,1279.0
484918,1280.0
473807,1281.0
564895,1282.0
522112,1283.0
169596,1284.0
127952,nan
170983,1285.0
59666,1286.0
59688,1287.0
34726,1288.0
456294,1289.0
525771,1290.0
572952,1291.0
168082,1292.0
558057,1293.0
193785,1294.0
68838,1295.0
443917,1296.0
414537,1297.0
468978,1298.0
594787,1299.0
191168,1300.0
62537,1301.0
389109,1302.0
484137,1303.0
419180,1304.0
421942,1305.0
584923,1306.0
169774,1307.0
21465,1308.0
21589,1309.0
55154,1310.0
459133,1311.0
596229,1312.0
120781,1313.0
74028,1314.0
460190,1315.0
67012,1316.0
125353,1317.0
96250,1318.0
187337,1319.0
156253,1320.0
7434,nan
7721,nan
21999,1323.0
28407,1324.0
28589,1325.0
33966,1326.0
43266,1327.0
47943,1328.0
49091,1329.0
58161,1330.0
73313,1331.0
81305,1332.0
83728,1333.0
92321,1328.0
101208,1333.0
106219,1334.0
164324,1335.0
172962,1336.0
178223,1337.0
39141,1338.0
126926,1339.0
472107,1340.0
501660,1341.0
466232,1336.0
483217,1333.0
525720,1333.0
502684,1336.0
499273,1342.0
473879,1343.0
487143,1344.0
505870,1345.0
422937,1346.0
583105,1347.0
548060,1334.0
549674,1339.0
545736,1330.0
449868,1348.0
429731,1339.0
542507,1349.0
146156,1350.0
513656,1339.0
425838,1351.0
412286,1326.0
480750,1337.0
484658,1352.0
179552,1353.0
377082,1354.0
399653,1355.0
386708,1356.0
408145,1357.0
115262,1358.0
449346,1359.0
137207,749.0
40194,746.0
46255,749.0
58609,1360.0
68663,1361.0
77535,1362.0
78001,1360.0
78591,1362.0
93306,1363.0
93416,1364.0
94146,1365.0
97757,1366.0
99561,1364.0
461448,1367.0
128750,1368.0
465454,1369.0
501581,1370.0
526043,1371.0
509420,749.0
536460,1362.0
499403,1364.0
507322,1372.0
424083,1360.0
537331,1369.0
590345,1360.0
552192,1373.0
584438,745.0
159463,1374.0
159474,1375.0
372246,1376.0
397752,1377.0
158593,1362.0
183440,1374.0
528997,1378.0
419612,1374.0
412581,1364.0
487456,1379.0
523790,1380.0
591405,1381.0
159849,1369.0
379384,1362.0
370112,1382.0
191241,1369.0
109323,1383.0
181244,1364.0
374649,745.0
375616,1369.0
120109,1384.0
411007,1385.0
160605,1360.0
402221,1386.0
414311,1362.0
409745,1369.0
428478,749.0
474100,1387.0
537305,1388.0
137358,1389.0
54917,1390.0
90547,1391.0
100944,1392.0
141005,1393.0
456704,1392.0
395642,1394.0
490366,1395.0
408507,1396.0
539796,1397.0
532497,1396.0
583539,1392.0
496881,1394.0
593954,1396.0
471440,1394.0
591741,1398.0
184068,1392.0
109037,1397.0
171939,1394.0
427458,1399.0
393525,1394.0
28257,1400.0
28268,1401.0
82309,1402.0
468951,1403.0
419969,1404.0
524257,1405.0
118153,1406.0
92055,1407.0
461440,1407.0
195787,1407.0
513711,1407.0
7735,nan
7923,nan
12641,1410.0
13707,1411.0
14127,1412.0
14174,1390.0
20845,1413.0
34858,1414.0
42706,1415.0
93668,1416.0
54899,1417.0
153122,1418.0
153254,1419.0
153270,1420.0
513309,1421.0
195873,1422.0
387968,1423.0
158543,1424.0
509758,1425.0
437249,1416.0
420915,1416.0
443122,1426.0
591418,1427.0
197848,1428.0
187866,1416.0
88235,1429.0
106182,1430.0
164352,1431.0
141684,1432.0
423361,1433.0
555222,1434.0
402302,1435.0
597433,1436.0
199940,1437.0
15532,1438.0
15598,1439.0
19421,1440.0
19469,1441.0
147802,1442.0
464956,1442.0
145616,1443.0
145627,1444.0
145440,1445.0
145451,1446.0
1239,nan
5225,nan
13233,1449.0
16277,1450.0
40360,1451.0
43264,1452.0
62353,1453.0
80564,1454.0
80820,1455.0
92817,1456.0
461600,1457.0
135438,1458.0
157756,1459.0
159386,1460.0
170672,1461.0
154466,1462.0
123189,1463.0
454027,1464.0
389553,1465.0
529655,1466.0
551328,1466.0
516339,1467.0
530520,1467.0
490805,1468.0
490813,1469.0
490821,1470.0
490839,1471.0
490854,1472.0
442407,1473.0
596429,1474.0
414078,1475.0
582359,1476.0
150162,1458.0
185922,1477.0
495259,1478.0
114963,1479.0
114974,1480.0
114985,1481.0
114996,1482.0
115007,1483.0
115018,1484.0
115029,1485.0
183133,1486.0
376742,1487.0
378375,1488.0
399347,1489.0
392300,1490.0
114941,1491.0
114952,1492.0
109810,1493.0
76403,1452.0
398922,1494.0
4259,nan
10419,1495.0
19043,1496.0
50068,1497.0
51508,1498.0
59767,1499.0
69059,1499.0
99684,1500.0
126552,1501.0
485886,1502.0
485224,1503.0
422860,1504.0
543349,1505.0
555381,1506.0
592149,1507.0
498475,1508.0
453657,1499.0
453753,1509.0
471643,1510.0
438759,1511.0
456044,1499.0
461122,1512.0
500820,1507.0
188006,1513.0
392550,1514.0
436814,1499.0
498964,1515.0
498980,1516.0
499004,1517.0
499020,1510.0
518445,1518.0
1602,nan
2193,nan
4880,nan
36225,1522.0
36615,1517.0
37941,1523.0
39776,1524.0
39784,1525.0
54257,1526.0
101995,1527.0
102006,1528.0
143891,1529.0
469261,1530.0
438364,1531.0
481318,1532.0
529697,1533.0
551384,1517.0
405105,1510.0
528065,1534.0
543161,1515.0
535595,1535.0
584208,1536.0
580841,1537.0
587720,1516.0
552841,1538.0
145981,1510.0
467810,1539.0
486507,1540.0
143602,1541.0
471587,1510.0
418605,1517.0
564367,1515.0
170235,1542.0
184062,1543.0
396070,1544.0
387528,1515.0
408173,1545.0
192921,1516.0
466915,1546.0
116159,1516.0
480409,1547.0
111502,1548.0
12693,1549.0
12718,1550.0
39371,1551.0
127064,1552.0
126777,1553.0
511615,1554.0
118175,1555.0
118275,1556.0
118286,1557.0
117676,1558.0
41821,1559.0
69335,1560.0
73764,1559.0
471896,1561.0
470278,1562.0
470286,1563.0
532085,1564.0
541224,1565.0
489899,1566.0
494327,1567.0
491011,1568.0
563008,1569.0
472522,1570.0
577082,1571.0
183562,1572.0
503188,1573.0
476936,1574.0
555773,1575.0
147230,1576.0
193813,1564.0
193821,1577.0
405819,1559.0
409894,1574.0
453261,1578.0
170488,1579.0
31634,1580.0
31645,1581.0
69559,1581.0
574654,1582.0
430846,1581.0
112501,1583.0
6079,nan
6115,nan
16648,1586.0
18147,1587.0
23513,1588.0
51947,1585.0
51958,1584.0
65314,1587.0
65332,1586.0
65341,1589.0
82044,1590.0
84448,1591.0
91358,1592.0
104473,1593.0
145574,1594.0
160972,1595.0
122930,1596.0
122941,1597.0
122953,1598.0
141096,794.0
465078,803.0
465551,1599.0
469041,1600.0
122964,1601.0
122975,1602.0
122987,1603.0
464531,794.0
538274,1586.0
479581,1589.0
533723,1589.0
537477,1592.0
564858,1604.0
590497,1605.0
587757,1595.0
435278,1595.0
145958,1606.0
592995,1607.0
191568,1604.0
569541,1590.0
394594,1608.0
489551,803.0
466696,1609.0
410083,786.0
151772,1604.0
151938,803.0
154046,1605.0
424843,786.0
483749,1610.0
557896,1611.0
599002,1612.0
599280,1613.0
599317,794.0
171404,1614.0
181255,1615.0
151658,1616.0
193636,1587.0
196040,1617.0
406737,786.0
384490,1594.0
439524,1618.0
115488,1619.0
436409,794.0
474017,1604.0
445204,1594.0
447889,1592.0
116402,1620.0
457852,1621.0
11553,1622.0
11796,1623.0
23808,1624.0
23827,1625.0
23849,1626.0
104544,1627.0
106477,1372.0
161150,1628.0
136853,1629.0
455696,1624.0
427088,1630.0
472642,1631.0
377357,1372.0
581539,1372.0
146401,1632.0
592977,1633.0
531518,1626.0
155487,1628.0
374143,1634.0
1994,nan
3192,nan
14867,1637.0
14889,1275.0
18420,1638.0
18431,1639.0
18442,1640.0
19403,1641.0
24112,1642.0
42486,1643.0
46155,1644.0
48616,1645.0
48625,1646.0
48634,1647.0
48643,1639.0
48653,1648.0
48662,1640.0
49033,1649.0
50660,1650.0
53763,1651.0
54317,1638.0
56769,1638.0
73226,1652.0
78825,1653.0
78836,55.0
78847,78.0
85615,1639.0
85633,1640.0
85751,1645.0
85760,1646.0
90904,1646.0
97624,1648.0
101360,1654.0
101378,1655.0
105785,1656.0
105796,1657.0
155422,1658.0
170555,1659.0
170746,1660.0
124537,1661.0
140787,1662.0
455464,1663.0
439841,1664.0
483130,1665.0
525686,1666.0
520165,1640.0
523750,1667.0
499292,1668.0
566732,1648.0
521183,1669.0
543069,1670.0
576862,1669.0
537600,1645.0
540109,1671.0
590423,1672.0
547211,1673.0
569405,1674.0
552292,1675.0
558335,1639.0
179942,1676.0
428123,1677.0
521753,1662.0
574205,1678.0
124495,1679.0
183546,1680.0
582377,1681.0
431089,1648.0
425679,1640.0
132163,1666.0
147428,1682.0
147440,1683.0
147451,1684.0
150036,1685.0
150196,1658.0
154208,1686.0
178746,1687.0
406492,1688.0
479138,1689.0
508462,1690.0
176862,1638.0
161933,1673.0
109112,1691.0
388452,1692.0
374213,1693.0
395932,1646.0
405429,1685.0
160380,1694.0
111977,1695.0
111986,1696.0
426521,1697.0
439635,1698.0
423535,1699.0
424629,1700.0
123253,1701.0
544598,1701.0
114313,1702.0
173976,1703.0
168243,1704.0
552,nan
784,nan
41977,1707.0
56381,1708.0
104550,1705.0
430088,1706.0
383704,1709.0
413255,1710.0
91244,1711.0
24,nan
17341,1713.0
17393,1714.0
17404,1715.0
25022,1716.0
36133,1717.0
44278,1718.0
45577,1719.0
45588,1720.0
45599,1721.0
49879,1722.0
49891,1723.0
50628,1724.0
58851,1725.0
64209,1726.0
64739,1727.0
79017,1728.0
79142,1729.0
96770,1730.0
165046,1715.0
123803,1715.0
123965,1731.0
152953,1732.0
456693,1733.0
477850,1734.0
542027,1735.0
594329,1736.0
595551,1737.0
472699,1738.0
587008,1739.0
198371,1740.0
563270,1741.0
532448,1742.0
573007,1714.0
133174,1743.0
549001,1744.0
132384,1745.0
392773,1746.0
126016,1713.0
435743,1747.0
507912,1748.0
159998,1749.0
161592,1714.0
415541,1750.0
186616,1751.0
383171,1752.0
402595,1753.0
404555,1754.0
444892,1755.0
450418,1756.0
425174,1757.0
39768,1758.0
48488,1759.0
61092,1760.0
576766,1761.0
586363,1762.0
166487,1763.0
430868,1764.0
430983,1765.0
431022,1766.0
387283,1761.0
150705,1767.0
189454,1766.0
591553,1766.0
390971,1762.0
390997,1768.0
391268,1766.0
163764,nan
141441,1762.0
395840,1762.0
427644,1762.0
436813,1769.0
433594,1770.0
128348,1771.0
128355,1772.0
145268,1773.0
192617,1774.0
30281,1775.0
87896,1776.0
93270,1777.0
93279,1778.0
594358,1779.0
14847,1780.0
14853,1781.0
14859,1782.0
14884,1783.0
14917,1784.0
22936,1785.0
62498,1786.0
62507,1787.0
149525,1788.0
174503,1789.0
174710,1790.0
530483,1791.0
447015,1792.0
518332,1494.0
465609,1793.0
552855,1794.0
379683,1795.0
486133,1796.0
565685,1797.0
480176,1798.0
107940,1799.0
171765,1800.0
5766,nan
10859,1802.0
10867,1803.0
91096,1804.0
440140,1805.0
484366,1806.0
574831,1807.0
585837,1808.0
377672,1809.0
534987,1810.0
382449,1811.0
420830,1812.0
591795,1802.0
196828,1807.0
426323,1803.0
437929,1813.0
199565,1814.0
139645,1815.0
87730,1816.0
87743,1817.0
99774,1818.0
523725,1819.0
542264,1820.0
182801,1821.0
468026,1822.0
599773,1823.0
562424,1824.0
451862,1825.0
26665,1826.0
58014,1827.0
67323,1828.0
67334,1829.0
98804,1830.0
108499,1831.0
130596,1828.0
551510,1826.0
500138,1832.0
422741,1833.0
165063,1834.0
431555,1835.0
389268,1828.0
111050,1836.0
400848,1828.0
8927,nan
8950,nan
12273,1837.0
21256,128.0
26108,1838.0
32891,1839.0
40769,1840.0
40778,1841.0
68203,1842.0
100291,1843.0
100300,1838.0
102005,1844.0
63820,1845.0
423819,1838.0
442365,1838.0
511208,1846.0
160108,1847.0
160120,1848.0
9861,nan
9922,nan
9952,nan
9966,nan
9974,nan
10264,1854.0
84052,1854.0
4458,nan
7693,nan
80768,1857.0
90455,1858.0
90570,1857.0
122238,1858.0
443671,1859.0
469090,1860.0
491341,1861.0
493251,1856.0
513224,1857.0
198525,1856.0
563606,1856.0
530176,1862.0
440529,1863.0
388854,1864.0
376357,1865.0
60597,1866.0
153060,1867.0
474694,1868.0
553869,1869.0
599277,1870.0
199255,1871.0
429168,1872.0
118461,1873.0
87885,1874.0
404843,1875.0
136121,1876.0
501204,1877.0
390541,1878.0
5757,nan
5790,nan
5812,nan
5823,nan
5845,nan
5867,nan
5902,nan
5922,nan
5933,nan
8451,nan
8707,nan
8718,nan
8740,nan
11314,1888.0
36348,1889.0
45163,1851.0
52359,1890.0
64459,1891.0
65978,1853.0
65988,1849.0
65997,1850.0
66015,1892.0
66033,1851.0
89695,1890.0
92005,1890.0
97889,1893.0
107035,1851.0
172631,1852.0
525945,1894.0
579507,1850.0
568588,1895.0
584553,1896.0
575963,1897.0
159517,1898.0
159541,1899.0
159558,1900.0
159632,1901.0
159640,1902.0
424882,1853.0
443339,1853.0
564378,1850.0
171354,1854.0
110921,1852.0
398072,1903.0
406044,1849.0
449510,1904.0
451989,1905.0
451997,1906.0
468082,1907.0
468124,1903.0
468165,1908.0
112663,1909.0
27734,1910.0
385890,1911.0
560430,1912.0
431867,1913.0
476863,1914.0
190102,1915.0
462500,1916.0
94624,1917.0
94951,1918.0
504347,1919.0
176616,1919.0
11353,1920.0
36457,1921.0
43410,1922.0
43421,1923.0
111637,1924.0
509042,1921.0
545582,1925.0
545814,1926.0
545848,1927.0
449888,1928.0
548680,1929.0
563255,1930.0
598049,1931.0
146262,1932.0
146273,1933.0
140442,1934.0
134949,1935.0
370846,1936.0
9905,nan
9942,nan
19966,1939.0
19967,1940.0
19969,1941.0
20011,1942.0
31164,1906.0
38507,1900.0
38525,1898.0
38534,1903.0
38543,1899.0
38552,1943.0
40075,1907.0
51966,1944.0
56732,1945.0
79960,1898.0
79969,1903.0
79978,1908.0
81798,1899.0
81964,1903.0
99112,1898.0
99121,1899.0
111678,1946.0
81066,1906.0
151492,1906.0
165689,1903.0
554490,1905.0
424162,1900.0
533069,1906.0
550162,1907.0
590845,1907.0
578081,1907.0
566022,1947.0
176562,1948.0
417769,1908.0
427983,1949.0
388085,1950.0
445556,1951.0
381342,1906.0
520541,1952.0
497077,1907.0
570669,1953.0
516958,1954.0
381197,1955.0
85094,1908.0
390405,1956.0
427776,1957.0
417333,1958.0
416021,1908.0
116189,1959.0
113347,1960.0
16446,1961.0
16450,1962.0
16468,1963.0
20954,1964.0
20986,1965.0
42311,1966.0
44046,1967.0
45703,1968.0
66825,1969.0
71095,1970.0
73326,1971.0
76535,1972.0
153836,922.0
157745,1973.0
159322,1974.0
456411,1975.0
378942,1976.0
470311,1977.0
525700,1978.0
520159,1965.0
504521,922.0
527443,1979.0
424075,1980.0
520903,1981.0
575151,1982.0
553076,1983.0
573260,1984.0
198361,1985.0
563192,1986.0
589522,1987.0
595057,1965.0
485505,1988.0
485593,1989.0
175068,1990.0
560435,1991.0
586270,1992.0
158860,1965.0
519061,1993.0
549448,893.0
578368,1994.0
177502,1995.0
457429,922.0
483485,1996.0
487432,1997.0
370471,1983.0
188245,1998.0
193069,1999.0
417216,2000.0
436313,1983.0
120596,2001.0
402645,2002.0
506108,2003.0
530637,2004.0
460999,2005.0
502531,2006.0
448784,2003.0
11103,2007.0
11125,2008.0
24930,2009.0
26695,2010.0
66121,2011.0
86473,2012.0
95906,74.0
99737,2013.0
491995,2014.0
497368,2015.0
198180,2016.0
389154,2017.0
393388,2018.0
110834,2019.0
431103,2020.0
457830,2021.0
4241,nan
31656,2023.0
42831,2024.0
47418,2025.0
60097,2026.0
61212,1927.0
64270,2026.0
64281,2026.0
64677,2027.0
64699,2026.0
66056,2026.0
66578,2023.0
69105,2026.0
72800,1927.0
491504,2026.0
500248,2026.0
525878,1921.0
511768,2024.0
533696,2022.0
537640,2028.0
596239,2029.0
576430,1921.0
577536,2022.0
542537,2024.0
183522,2023.0
509752,2030.0
509760,2031.0
476470,1927.0
548348,2022.0
419735,2032.0
479308,2022.0
156176,901.0
392615,2033.0
433829,2026.0
431459,2034.0
441009,2022.0
118445,2035.0
425005,2024.0
402714,2036.0
402816,1934.0
462825,2023.0
488963,2037.0
453809,2038.0
539484,2039.0
17281,638.0
19754,635.0
19776,638.0
57915,634.0
38166,2040.0
48407,2041.0
48416,2042.0
116376,2043.0
122803,2044.0
29593,2045.0
451962,2046.0
30840,2047.0
37497,2048.0
53360,2049.0
57720,2048.0
78949,2050.0
84642,2051.0
142419,2052.0
453858,2047.0
456687,2053.0
389396,2054.0
495726,2055.0
504727,2056.0
570160,2057.0
546843,2058.0
553629,2059.0
597974,2060.0
592803,2061.0
568784,2048.0
522866,2062.0
179012,1106.0
130198,2063.0
376232,2064.0
480303,2065.0
121973,2066.0
14561,2067.0
14869,2068.0
14880,2069.0
14891,2070.0
14892,2071.0
23773,2072.0
36833,2073.0
48254,2074.0
50560,2075.0
52388,2076.0
52400,2077.0
73562,2078.0
77672,2079.0
96106,nan
101916,2080.0
78358,2081.0
117799,2082.0
152968,2083.0
460041,2084.0
432953,nan
395723,1201.0
488177,2080.0
494952,2085.0
530692,2071.0
507275,2086.0
510794,2087.0
510843,2088.0
542853,2072.0
520681,2089.0
137725,2069.0
492312,2090.0
479217,2091.0
479388,2092.0
155571,2093.0
163773,2094.0
76336,2095.0
433250,2096.0
432229,2097.0
11690,2098.0
18779,2099.0
54369,2100.0
507295,2101.0
414592,2102.0
175594,2103.0
12986,2104.0
13024,2105.0
13035,2106.0
65339,2107.0
74821,2108.0
87969,2109.0
95451,2110.0
142307,2105.0
158098,2111.0
485946,2112.0
559541,2112.0
552232,2113.0
588871,2114.0
588905,2115.0
588939,2116.0
127995,2117.0
421180,2108.0
112659,2118.0
65507,2119.0
67037,2046.0
380816,2120.0
423859,2045.0
555196,2121.0
425781,2122.0
594005,2045.0
150958,2119.0
420202,2119.0
452500,2123.0
20940,2124.0
20992,2125.0
21033,2126.0
21044,2127.0
87378,2128.0
87388,2129.0
168030,2126.0
68949,2130.0
198082,2131.0
110079,2132.0
3023,nan
6928,nan
48297,2134.0
65979,2135.0
79061,914.0
416446,2136.0
113932,2137.0
7099,nan
7133,nan
7144,nan
7155,nan
7166,nan
7186,nan
16435,2144.0
16902,2145.0
19286,2146.0
19297,2147.0
19843,2148.0
21613,2149.0
21674,2150.0
23272,2151.0
23335,2152.0
33924,2153.0
48972,2154.0
50444,2155.0
53809,2156.0
58224,2157.0
58488,2158.0
58497,2159.0
65427,956.0
73525,2141.0
73537,2160.0
73548,2143.0
79643,2161.0
80244,952.0
81736,2162.0
83053,953.0
86144,2163.0
89121,2164.0
89668,2165.0
89970,2166.0
90057,2167.0
94912,956.0
95369,2168.0
97008,2169.0
100128,2170.0
101633,952.0
413382,2171.0
54805,2172.0
107449,2173.0
108853,2174.0
158208,2175.0
158230,2176.0
165699,956.0
174595,2177.0
485957,2178.0
456781,2139.0
567126,952.0
521172,2149.0
136304,2179.0
515517,2180.0
556009,2181.0
597522,2182.0
589244,2183.0
596825,2184.0
429792,2185.0
468019,2186.0
372293,2187.0
440625,2150.0
568727,2188.0
190840,2157.0
470560,2189.0
410252,2190.0
512047,953.0
512093,2191.0
182096,2157.0
168656,2192.0
460835,2193.0
161823,2194.0
189194,2195.0
117240,2157.0
184061,2196.0
172002,2197.0
375486,2198.0
141377,2199.0
387864,2200.0
370956,2201.0
193168,953.0
436838,2202.0
439177,952.0
420294,2203.0
418787,2204.0
447950,2205.0
55056,2206.0
61961,2207.0
61970,2208.0
107002,2209.0
151479,2210.0
545037,2211.0
404874,2212.0
473587,2213.0
473595,2214.0
578172,2215.0
571181,2206.0
584530,2206.0
471257,2209.0
169271,2216.0
404109,2217.0
383105,2218.0
398546,2219.0
430353,2220.0
447608,2221.0
462494,2222.0
3455,nan
14611,2224.0
16363,2225.0
16374,2226.0
16385,2227.0
18710,2228.0
21721,2229.0
21967,2230.0
21975,2231.0
25911,2232.0
29015,2233.0
63051,2234.0
63060,2235.0
83160,2236.0
83169,2237.0
95096,2238.0
96557,2239.0
97087,2236.0
108697,2240.0
452671,2241.0
509895,2242.0
459124,2243.0
523727,2240.0
527755,2244.0
533720,2245.0
576834,2246.0
538750,2247.0
450947,2231.0
575916,2248.0
198403,2249.0
377577,2250.0
563145,2251.0
462987,2252.0
575246,2249.0
146328,2229.0
146339,2230.0
445892,2253.0
588803,2254.0
157562,2255.0
503317,2256.0
169557,2257.0
180634,2243.0
382318,2258.0
541648,2259.0
146997,2260.0
117260,2261.0
194948,2262.0
190343,2263.0
120022,2246.0
387918,2264.0
112073,2265.0
417221,2266.0
419838,2267.0
419937,2268.0
474047,2269.0
445108,2250.0
40543,2270.0
70119,2271.0
146466,2272.0
511404,2272.0
505016,2273.0
505024,2274.0
572839,2275.0
593776,2276.0
6579,nan
6637,nan
21016,1573.0
25242,1571.0
33897,1568.0
42290,2277.0
77205,1565.0
77500,1358.0
88687,2278.0
88696,1336.0
88705,1326.0
88714,1358.0
89355,1326.0
93882,1326.0
105652,2279.0
125656,2280.0
170585,2281.0
499940,2279.0
483112,1568.0
505807,2282.0
557600,1573.0
491834,1336.0
564875,2283.0
560363,1358.0
429633,1565.0
522245,1336.0
388262,2284.0
515787,2285.0
147631,2286.0
143600,2287.0
461203,2288.0
173056,2289.0
167242,2279.0
413030,1326.0
79109,2290.0
108347,2291.0
476729,2292.0
511104,2293.0
154821,2294.0
448504,2293.0
373468,2295.0
8904,nan
53991,2297.0
105560,2010.0
151445,2298.0
494559,2299.0
459354,2300.0
523536,2301.0
539973,2298.0
568318,2302.0
596874,2303.0
588574,2010.0
597401,2303.0
477036,2304.0
150568,2305.0
419019,2306.0
459420,2302.0
186244,2010.0
419415,2307.0
412819,2298.0
571030,2308.0
11053,2309.0
510205,2310.0
519225,2311.0
445729,2312.0
397317,2313.0
493870,2310.0
402141,2310.0
27065,2314.0
36826,2315.0
571063,197.0
581762,2316.0
188829,192.0
115753,2317.0
422099,197.0
432060,2318.0
69883,2319.0
522353,2320.0
398002,2321.0
526292,2322.0
138897,2323.0
393417,2324.0
436939,2319.0
110141,2325.0
483209,2326.0
545405,2327.0
517810,2328.0
195406,2329.0
127700,2330.0
380984,2331.0
397219,2332.0
398386,2333.0
408059,2334.0
116565,2335.0
117957,2336.0
503151,2337.0
35203,2338.0
77239,2339.0
27271,2340.0
121936,1494.0
4292,nan
6848,nan
6865,nan
6880,nan
73928,2345.0
86272,2346.0
551887,2347.0
463828,2348.0
463836,2349.0
170183,2350.0
437937,2351.0
471053,2352.0
457640,2353.0
69119,2354.0
102569,2355.0
102587,2356.0
102596,2357.0
102605,2358.0
102614,2359.0
102623,2360.0
461496,2285.0
469275,2288.0
563674,2361.0
590658,2362.0
472467,2363.0
136968,2364.0
438862,2285.0
197727,2365.0
110736,2366.0
17020,2367.0
29945,2368.0
41297,2367.0
42093,2369.0
47201,2370.0
67283,2371.0
105130,2343.0
105205,2344.0
105409,2372.0
141044,2373.0
488496,2368.0
546108,2374.0
571394,2375.0
565857,2367.0
584903,2376.0
195389,2377.0
191741,2378.0
394537,2377.0
151726,2369.0
189506,2369.0
189514,2368.0
189522,2377.0
434274,2375.0
483802,2379.0
494235,2380.0
390762,2375.0
171016,2369.0
430305,2369.0
420151,2369.0
489011,2381.0
118281,2349.0
118331,2348.0
35886,2382.0
100684,2383.0
145545,2384.0
162434,2385.0
462036,2386.0
462051,2387.0
380621,2388.0
395804,2389.0
551324,2390.0
596722,2391.0
418572,2392.0
558000,2393.0
370511,2394.0
117248,2395.0
419945,2391.0
111300,2396.0
30070,2397.0
30081,2398.0
30092,2399.0
30103,2400.0
50330,2401.0
80246,2402.0
165688,2403.0
494499,2404.0
512720,2405.0
512812,2406.0
500186,1604.0
527276,1494.0
500481,2407.0
521030,2408.0
490923,2409.0
546224,192.0
580820,2339.0
383735,2401.0
143524,2410.0
537111,2411.0
185428,2396.0
418981,192.0
444301,2412.0
585347,2396.0
189175,2339.0
195177,1494.0
376752,2406.0
130128,197.0
409521,2413.0
141403,192.0
446275,2412.0
437924,2412.0
460602,2414.0
407523,2415.0
498978,1494.0
118272,2402.0
7505,nan
7760,nan
7769,nan
59258,2419.0
506919,2420.0
489646,2421.0
383382,2422.0
113331,2423.0
28606,2424.0
34494,2425.0
39413,2426.0
58802,2427.0
80431,2428.0
85325,2429.0
90945,2430.0
177627,2431.0
126955,2432.0
500298,2433.0
517803,2434.0
581106,2435.0
573746,2436.0
588761,2437.0
526496,2438.0
579043,2438.0
596881,2439.0
188988,2428.0
470397,2440.0
390699,2441.0
415767,2442.0
372855,2443.0
374319,2444.0
120646,2445.0
5624,nan
5641,nan
5672,nan
5674,nan
16874,2450.0
16937,2451.0
29596,2452.0
29608,2453.0
29619,2454.0
29630,2455.0
37315,2456.0
88798,474.0
184370,2457.0
39175,475.0
142381,476.0
461864,473.0
380826,2458.0
488271,476.0
576568,2459.0
472810,477.0
598021,2456.0
592778,2456.0
152795,2460.0
157668,2461.0
509577,2462.0
565064,2463.0
410031,478.0
182255,2464.0
129036,477.0
171475,2452.0
439403,478.0
452133,2465.0
1815,nan
1926,nan
1937,nan
1950,nan
1959,nan
10402,2471.0
10428,2472.0
26808,2473.0
26830,2474.0
26842,2475.0
26865,2476.0
26876,2477.0
29569,2478.0
29581,2479.0
29592,2480.0
41830,2481.0
41848,2482.0
41855,2483.0
42168,2484.0
43175,2485.0
46864,2486.0
48682,2487.0
58092,2488.0
64549,2484.0
67998,2489.0
72517,2474.0
72528,2475.0
72539,2490.0
72550,2476.0
72563,2477.0
76009,2482.0
79263,2491.0
79749,2492.0
89610,2472.0
100504,2469.0
104433,2475.0
104656,2472.0
463512,2493.0
164296,2494.0
476734,2495.0
490527,2496.0
483356,2477.0
561256,2497.0
553006,2474.0
540054,2498.0
595713,2466.0
548762,2499.0
559998,2500.0
592181,2501.0
598910,2502.0
435146,2503.0
466031,2504.0
467913,2497.0
166191,2482.0
526421,2505.0
569540,2506.0
440418,2507.0
394187,2476.0
147605,2484.0
384157,2481.0
153963,2508.0
374890,2470.0
396873,2482.0
418280,2509.0
444285,2481.0
454407,2510.0
484838,2475.0
557175,2473.0
176710,2475.0
189427,2477.0
148463,2511.0
183393,2512.0
192053,2513.0
383310,2467.0
384445,2468.0
414533,2481.0
438175,2483.0
436199,2483.0
474069,2514.0
402798,2474.0
35208,2515.0
39500,2516.0
55002,2516.0
458790,2517.0
475213,2516.0
463424,2518.0
507108,2519.0
497012,2518.0
438983,2520.0
409078,2516.0
112450,2521.0
472229,2522.0
167345,2523.0
188284,2524.0
115586,2512.0
115575,2473.0
182837,2525.0
418452,2526.0
6869,nan
67870,2528.0
597289,2529.0
13103,2530.0
18670,2531.0
93343,2532.0
3746,nan
6087,nan
8176,nan
8656,nan
13853,2537.0
13856,2538.0
13864,2539.0
131796,2540.0
34731,2541.0
54598,2542.0
55794,2539.0
68261,2534.0
72147,2534.0
74692,2543.0
94156,2544.0
94167,2545.0
103587,2546.0
103596,2547.0
103605,2548.0
413438,2540.0
143773,2549.0
395628,2550.0
477631,2551.0
485067,2552.0
572625,2553.0
488471,2554.0
504836,2555.0
473824,2556.0
423705,2543.0
524572,2557.0
584037,2558.0
571034,2533.0
545784,2546.0
561682,2559.0
598843,2560.0
572057,2546.0
598644,2561.0
430097,2545.0
465787,2538.0
411092,2562.0
519748,2557.0
567660,2561.0
167304,2557.0
181066,2540.0
395091,2563.0
455941,2564.0
499191,2535.0
564316,2538.0
129448,2565.0
145143,2566.0
169302,2545.0
181595,2567.0
192228,2563.0
194713,2568.0
116008,2569.0
196503,214.0
383428,2570.0
399765,2571.0
119706,2561.0
374203,2572.0
385211,2533.0
76294,2558.0
424445,2539.0
431985,2573.0
435667,2533.0
67817,2574.0
124967,2575.0
512524,2576.0
10725,2577.0
13622,2578.0
19484,2579.0
41332,2580.0
535229,2581.0
139162,2582.0
447482,2583.0
80016,2584.0
433045,2585.0
523308,2586.0
523415,2353.0
114525,2587.0
396507,2588.0
599891,2589.0
568839,2590.0
518511,2591.0
90309,2592.0
413618,2593.0
170823,2594.0
395665,2595.0
514996,2596.0
580144,2597.0
571704,2598.0
598404,2599.0
142941,2600.0
148697,2601.0
148708,2602.0
148719,2603.0
381016,2604.0
593269,2605.0
14435,2606.0
42347,2607.0
56036,2608.0
61122,2609.0
61134,2610.0
80700,2611.0
93968,2612.0
99435,2613.0
106519,2614.0
106530,2615.0
443722,2616.0
458491,2617.0
389901,2618.0
485106,2617.0
521361,2619.0
571700,2612.0
589882,2620.0
463440,2621.0
445815,1257.0
139043,2622.0
431840,2623.0
580042,1257.0
129053,2624.0
406369,2625.0
435866,2605.0
438902,2626.0
160078,2627.0
181351,2627.0
192665,2628.0
116728,2617.0
403533,2629.0
438252,2630.0
456860,2605.0
457139,2631.0
420628,2632.0
468170,2633.0
480308,2612.0
15602,2634.0
19971,2635.0
44888,2636.0
72132,2637.0
542449,2638.0
135096,2639.0
135107,2640.0
135118,2641.0
135130,2642.0
52395,2642.0
95755,2643.0
96973,2644.0
149057,2642.0
470000,2645.0
495688,2640.0
488739,2639.0
475595,2639.0
408888,2646.0
489818,2642.0
590088,2647.0
525561,2648.0
188885,2642.0
570330,2649.0
177460,2650.0
496145,2641.0
175490,2651.0
168399,2652.0
393494,2653.0
420507,2641.0
545228,2654.0
29402,2655.0
33626,2046.0
66805,2656.0
174254,2657.0
541119,2045.0
593394,2655.0
571855,2655.0
394372,2658.0
597254,2119.0
585493,2655.0
460797,2045.0
463744,1557.0
199737,2659.0
9414,nan
62422,2661.0
62513,2662.0
572263,2663.0
572339,2664.0
572131,2665.0
561917,2666.0
423096,2667.0
445421,1568.0
12225,2668.0
20795,1650.0
20806,1650.0
45274,2669.0
59366,2670.0
61277,2668.0
79198,2671.0
95915,2672.0
101275,2673.0
119679,2674.0
150319,1650.0
505672,2675.0
537758,2676.0
522900,2677.0
556792,2678.0
588487,2679.0
577370,2680.0
195292,2675.0
416647,1650.0
137514,1650.0
147627,2681.0
127770,2682.0
444376,2683.0
456073,1650.0
599008,2684.0
169283,2685.0
467600,2678.0
404448,1650.0
496763,2670.0
447388,2686.0
57477,2687.0
517199,2688.0
568805,2689.0
6542,nan
7494,nan
22218,2692.0
22281,2693.0
46254,2694.0
73958,2695.0
80447,2696.0
96147,1433.0
96158,1430.0
568365,2697.0
596523,2698.0
522290,2699.0
140563,2700.0
139324,1431.0
141805,2701.0
383117,2702.0
400918,2703.0
115460,1429.0
425256,2704.0
425272,2705.0
449573,2706.0
145758,2707.0
55477,2708.0
57366,2708.0
111539,2707.0
560344,2708.0
581556,2708.0
492196,2709.0
373561,2707.0
400459,2707.0
483007,2707.0
77424,2710.0
105658,2710.0
495068,2711.0
145799,2712.0
17071,2713.0
21428,2714.0
86464,2230.0
86704,2231.0
168806,1441.0
154482,2715.0
459296,2716.0
538211,2717.0
576913,2229.0
447040,2231.0
539894,2229.0
451590,2718.0
176086,2719.0
569514,2718.0
440477,2231.0
503134,2230.0
519704,2229.0
522853,2718.0
188877,2720.0
431814,2721.0
151832,2231.0
181860,2722.0
189534,2718.0
420992,2723.0
421008,2724.0
507610,2725.0
514870,2229.0
599256,2230.0
373483,2718.0
414116,2726.0
432410,2230.0
416023,2229.0
53650,2727.0
515555,2728.0
587124,2729.0
425824,2730.0
7330,nan
38305,2732.0
47891,2733.0
48196,2733.0
54514,2734.0
56872,2735.0
67027,2736.0
77979,2731.0
87009,2737.0
88697,2738.0
95314,2739.0
184356,2740.0
124870,2734.0
452715,2741.0
470202,2741.0
470271,2742.0
522389,2743.0
494904,2744.0
534139,2745.0
509359,2746.0
135934,2734.0
550196,2747.0
573177,2744.0
472480,2748.0
571979,2734.0
428143,2749.0
373239,2737.0
191678,2750.0
188827,2751.0
136456,2734.0
186615,2743.0
193160,2734.0
110184,2752.0
132633,2753.0
183645,2754.0
26968,2755.0
26977,2756.0
27004,2757.0
27013,2758.0
27022,2759.0
27031,2760.0
27040,2761.0
27049,2762.0
27231,2763.0
27240,2764.0
27249,2765.0
27286,2766.0
27295,2767.0
27304,2768.0
40707,2769.0
66411,2770.0
71589,2771.0
95254,2772.0
505910,2773.0
530800,2772.0
571579,2769.0
498492,2774.0
416859,2774.0
41763,2775.0
470151,2775.0
539341,2775.0
493790,2776.0
171762,2775.0
111094,2777.0
135498,2778.0
170865,2777.0
475337,2778.0
500681,2777.0
134078,2777.0
373706,2778.0
541386,2777.0
144573,2778.0
403537,2778.0
91545,2779.0
158981,2780.0
9214,nan
17962,2782.0
48623,2783.0
92616,2784.0
101666,2782.0
441958,2784.0
370722,2785.0
456811,2784.0
123379,2786.0
13285,2787.0
13358,2788.0
13377,2789.0
31032,2787.0
47370,2787.0
80866,2790.0
91544,2788.0
98435,2791.0
148277,2792.0
452712,2793.0
484227,2788.0
572716,2786.0
475748,2788.0
561455,2786.0
547519,2794.0
586005,2787.0
584738,2795.0
593358,2788.0
429645,2796.0
146376,2797.0
397458,2788.0
592470,2786.0
509494,2798.0
407170,2787.0
453515,2799.0
593568,2791.0
131189,2800.0
189220,2788.0
148985,2787.0
116058,2801.0
141628,2802.0
432482,2803.0
444464,2804.0
467252,2805.0
571868,2806.0
522822,2807.0
434088,2808.0
514896,2809.0
161717,2810.0
28025,756.0
31516,2811.0
50002,2812.0
58241,2813.0
60880,756.0
64682,2814.0
68937,2815.0
90635,2816.0
108562,756.0
146784,2817.0
123094,2818.0
389404,2816.0
469931,2812.0
495590,2819.0
564110,2820.0
564124,2821.0
581282,2822.0
571524,2823.0
434967,2824.0
463218,2825.0
572798,2826.0
372068,2821.0
565306,2827.0
141957,2828.0
180723,2829.0
180864,2830.0
161754,2821.0
187258,2815.0
419412,2831.0
391390,2812.0
412682,2832.0
118379,2815.0
54245,2833.0
96169,2834.0
96178,2833.0
96205,2833.0
96215,2835.0
478393,2836.0
495245,2837.0
39411,2838.0
42743,2839.0
44509,2840.0
52405,2839.0
52414,2841.0
59511,2842.0
72676,2839.0
72687,2841.0
74595,2843.0
79084,2844.0
105470,2843.0
471830,2843.0
491561,2845.0
198635,2846.0
599565,2847.0
562414,2848.0
124360,2839.0
413944,2849.0
593894,2850.0
459593,2851.0
175459,2841.0
191091,2852.0
36180,2853.0
98722,2854.0
463781,2853.0
111970,2853.0
508634,2853.0
467629,2855.0
18230,2856.0
64839,2857.0
444644,2858.0
87445,2859.0
87932,2860.0
89094,2861.0
149240,2859.0
571358,2862.0
7775,nan
131803,2864.0
131867,2865.0
19760,2866.0
47951,2867.0
58460,2868.0
60924,410.0
60951,929.0
61608,2869.0
69991,2870.0
74733,2871.0
83048,2872.0
83212,2873.0
83220,2874.0
86096,2875.0
89190,2876.0
89212,2877.0
104329,2878.0
128608,2879.0
111710,2880.0
443586,2881.0
526094,2882.0
542216,2883.0
423737,2884.0
552913,2885.0
577955,2886.0
548918,2887.0
550648,2888.0
571931,2889.0
525534,2890.0
586223,2891.0
125364,2892.0
125375,2893.0
125397,2894.0
185129,2894.0
186162,2895.0
420712,2896.0
448635,2890.0
508670,2897.0
514179,2898.0
143178,2890.0
184008,2899.0
109326,2900.0
130466,2893.0
374036,2901.0
109637,2902.0
193166,2903.0
113007,2904.0
391962,410.0
420176,2905.0
109611,2906.0
109629,2907.0
428662,2908.0
431421,2909.0
436618,2910.0
436717,2911.0
436733,2912.0
436758,2913.0
482342,2914.0
66575,2915.0
100213,2916.0
536819,2917.0
507914,2918.0
414259,2919.0
50438,2920.0
73682,2921.0
94418,2922.0
94452,2923.0
94509,2924.0
101325,2925.0
122471,2926.0
528250,2923.0
571285,2927.0
558770,2928.0
174935,2929.0
536119,2930.0
526422,2931.0
139156,2932.0
170237,2933.0
13463,2934.0
13612,2935.0
170450,2936.0
79275,2937.0
91404,2938.0
105896,2939.0
518026,2940.0
379342,2941.0
193562,2937.0
163623,2942.0
384889,2937.0
420227,2937.0
431366,2943.0
135231,2446.0
135242,2447.0
123674,2447.0
123685,2448.0
123696,2448.0
13971,660.0
13982,665.0
25595,2944.0
25628,2945.0
26045,2946.0
31842,2944.0
31851,2947.0
31860,2948.0
31869,2945.0
34525,2948.0
34534,2949.0
34562,2947.0
79559,2947.0
96686,2950.0
165945,2448.0
484903,2948.0
487179,2945.0
567259,2947.0
563653,2945.0
575476,2945.0
581443,2448.0
135253,2448.0
135264,2448.0
386294,2951.0
400419,2952.0
588767,2953.0
139359,2954.0
142878,2944.0
443025,2955.0
501333,2944.0
143325,2956.0
173416,2447.0
15037,2957.0
15301,2958.0
15312,2959.0
42305,2960.0
42323,2961.0
42396,2962.0
55653,2963.0
57335,2964.0
58622,2965.0
61184,2966.0
61234,2967.0
67001,2968.0
67877,2969.0
76713,2957.0
76725,2958.0
76736,2959.0
105874,2970.0
105882,2971.0
105908,2972.0
164256,2973.0
164412,2974.0
165859,2975.0
460263,2976.0
530828,2977.0
532983,2978.0
481931,2979.0
381479,2980.0
476873,2981.0
130922,2982.0
177176,2983.0
443135,2963.0
443325,2984.0
469480,2985.0
557857,2986.0
374251,2987.0
382171,2984.0
393765,2988.0
398212,2963.0
160130,2963.0
6590,nan
31942,2990.0
380781,2991.0
510812,2992.0
524504,2993.0
531020,2994.0
565982,2995.0
470591,2996.0
476814,2997.0
457245,2998.0
173484,2999.0
384336,3000.0
173716,3001.0
173781,3002.0
10102,3003.0
16892,3004.0
16927,3005.0
16938,3006.0
68941,3005.0
81475,3007.0
90205,3004.0
94767,3005.0
99733,3008.0
149488,3006.0
166808,3004.0
130691,3009.0
427404,3010.0
491667,3011.0
562873,3004.0
560311,3006.0
182243,3012.0
167862,3005.0
448433,3006.0
459673,3013.0
502530,3014.0
193875,3005.0
167851,3006.0
179158,3015.0
403350,3004.0
139809,3016.0
25425,3016.0
25736,3017.0
34602,3018.0
51699,2026.0
51710,3019.0
68579,3020.0
68588,3021.0
84549,3022.0
91309,3023.0
98793,3024.0
172364,3025.0
466101,3026.0
513988,3017.0
479788,3016.0
532235,3027.0
497550,3028.0
590252,3029.0
465821,3017.0
525125,3030.0
552799,3031.0
493852,3032.0
152720,3033.0
152742,3034.0
129021,3035.0
168648,2026.0
469422,3036.0
495587,2026.0
163870,2026.0
444438,3037.0
555525,3038.0
410719,3039.0
261,nan
36552,3041.0
36563,3042.0
36575,3043.0
36586,3044.0
39418,3045.0
40262,3046.0
40273,3047.0
40284,3048.0
61251,3049.0
65370,3050.0
88219,3049.0
95501,3051.0
95512,3052.0
95523,3053.0
95535,3054.0
117490,3055.0
458454,3056.0
484969,3057.0
535656,3058.0
553640,3059.0
471249,3045.0
409130,3060.0
193172,3061.0
135712,3062.0
536538,3063.0
26319,3064.0
45913,3065.0
528153,2760.0
417679,2762.0
522295,3066.0
189105,2755.0
454571,2765.0
171656,3067.0
382827,2761.0
477963,3068.0
570135,3069.0
443158,3070.0
123707,3071.0
123718,3072.0
123730,3073.0
123741,3074.0
123753,3075.0
1905,nan
23167,3077.0
23189,3078.0
23190,3079.0
23201,3074.0
25327,3080.0
26790,3081.0
28575,3079.0
31351,3082.0
33798,3083.0
45554,3084.0
49684,3085.0
54278,3086.0
58887,3087.0
58905,3088.0
58923,3089.0
58942,3090.0
60406,3083.0
69799,3091.0
70380,3073.0
74172,3092.0
83373,3088.0
95506,3074.0
102609,3083.0
413606,3075.0
123764,3077.0
162526,3071.0
39082,3083.0
136662,3081.0
136673,3088.0
136684,3083.0
136695,3093.0
150553,3082.0
432996,3089.0
380710,3094.0
473354,3081.0
513964,3073.0
422416,3084.0
533673,3081.0
559500,3095.0
538928,3096.0
577306,3079.0
428290,3097.0
524862,3081.0
542489,3088.0
411322,3087.0
534960,3098.0
138983,3099.0
564947,3100.0
141732,3101.0
438859,3071.0
438974,3091.0
464015,3102.0
557848,3072.0
585348,3103.0
159858,3083.0
370537,3092.0
191374,3104.0
196808,3071.0
399519,3072.0
399527,3075.0
186638,3105.0
117033,3106.0
119843,3082.0
197533,3073.0
394826,3107.0
411751,3083.0
402064,3077.0
467535,3081.0
417392,3072.0
411470,3088.0
173643,3095.0
428903,3108.0
451655,3085.0
4746,nan
23949,3110.0
23993,3111.0
26119,3112.0
27918,3111.0
28888,3113.0
35324,3110.0
37059,3114.0
40174,3115.0
44327,3116.0
61004,3112.0
68267,3112.0
68851,3117.0
68860,3114.0
69596,3118.0
81996,3112.0
82959,3110.0
164573,3115.0
164584,3113.0
164595,3111.0
130694,3111.0
157816,3110.0
458553,3119.0
484028,3120.0
529749,3111.0
488625,3118.0
477956,3114.0
499769,3110.0
517343,3111.0
527086,3118.0
597748,3121.0
176435,3111.0
519659,3110.0
578276,3122.0
418383,3123.0
435759,3114.0
457971,3111.0
151676,3110.0
391054,3113.0
190414,3111.0
374540,3124.0
496423,3111.0
113523,3118.0
510399,3125.0
468384,3126.0
58768,3127.0
51776,1321.0
82270,1322.0
107109,1329.0
126811,3128.0
427281,3129.0
532354,1321.0
579636,3130.0
540115,3131.0
590152,3132.0
581209,3131.0
595791,1329.0
198318,3133.0
435409,3131.0
507209,3129.0
152779,3134.0
515633,3135.0
497416,1347.0
476453,3136.0
492527,3137.0
471355,3138.0
167482,1322.0
180635,3139.0
185049,3140.0
185878,1322.0
176777,1321.0
162015,1321.0
380990,3141.0
409349,3129.0
170892,3142.0
406871,3143.0
419504,3144.0
112935,3131.0
423579,3130.0
424320,3130.0
7495,nan
427765,49.0
105812,3146.0
63698,3147.0
152330,3148.0
551572,3149.0
594325,3150.0
466667,3151.0
42619,3152.0
455496,3153.0
572808,3154.0
180708,3155.0
113971,3156.0
540648,3157.0
542634,3158.0
165070,3159.0
178885,3160.0
418119,3161.0
103372,3162.0
478672,3163.0
173277,3164.0
387479,3165.0
30627,2022.0
30635,2024.0
46866,1449.0
60912,1456.0
61056,1449.0
70834,1456.0
70856,1449.0
39161,3166.0
132619,3167.0
379140,1456.0
587968,3168.0
489512,1449.0
390049,3169.0
436157,1449.0
114467,1456.0
411642,1456.0
11997,3170.0
525816,3171.0
582739,3172.0
112605,3173.0
32253,3173.0
73724,3173.0
172439,3174.0
583061,3173.0
585675,3173.0
523296,3173.0
181056,3174.0
130205,3174.0
384581,3174.0
416060,3173.0
66220,3175.0
69017,3176.0
70937,3177.0
82512,3178.0
82523,3179.0
472030,3180.0
522400,3181.0
523596,3177.0
194576,3180.0
114531,3177.0
406937,3182.0
441377,3183.0
6787,nan
7107,nan
7129,nan
15745,3185.0
16548,3186.0
17433,3187.0
17538,3186.0
19819,3188.0
20106,3189.0
24032,3190.0
42865,3191.0
46083,3192.0
47314,3193.0
47323,3194.0
49056,3195.0
53304,1447.0
55225,3196.0
56500,3197.0
61388,1468.0
61481,3198.0
69535,3199.0
70413,3200.0
79829,3201.0
80621,3202.0
85989,3203.0
88565,3204.0
104025,3205.0
78094,3206.0
78145,3207.0
105949,3200.0
107390,1469.0
152223,3208.0
146901,3209.0
156791,3210.0
143800,3211.0
448049,3212.0
481050,3213.0
506191,3214.0
470329,3215.0
532101,3216.0
404856,3185.0
536613,3217.0
550147,3218.0
553020,3200.0
447138,3219.0
578756,3220.0
569467,3221.0
569483,3222.0
558160,3223.0
567332,1472.0
583363,3224.0
577446,3200.0
462918,3207.0
445469,3225.0
559318,3226.0
166277,1470.0
158678,78.0
183548,3227.0
189914,3228.0
519631,3229.0
570391,3230.0
593854,3231.0
579911,3205.0
151725,3232.0
531813,3233.0
184757,3234.0
457359,3235.0
474217,3236.0
484701,3237.0
175547,3238.0
155803,3239.0
148642,3240.0
151606,3241.0
151617,3242.0
199047,3243.0
372619,3244.0
397012,3245.0
408102,3204.0
162292,3246.0
467631,3247.0
416073,275.0
399199,3202.0
174147,3214.0
448688,279.0
418830,3248.0
140013,3249.0
20444,3250.0
22440,3251.0
22451,3252.0
25142,3253.0
34295,3254.0
76159,3255.0
164971,3256.0
164486,3257.0
464318,3257.0
464371,3258.0
438591,3256.0
505385,3255.0
563799,3252.0
592253,3254.0
563485,3256.0
428076,3252.0
534520,3254.0
158894,3255.0
504502,3259.0
489558,3256.0
143727,3260.0
175398,3261.0
196889,3257.0
380922,3254.0
400422,3262.0
113711,3252.0
85690,3263.0
85713,3264.0
85736,3265.0
34854,3266.0
525618,3266.0
161589,3266.0
464879,3266.0
77346,3267.0
484855,3268.0
144665,3269.0
574511,3270.0
503455,3271.0
4655,nan
14098,3273.0
14109,3274.0
80458,3275.0
91616,3276.0
105884,3277.0
136887,3278.0
395012,3279.0
374538,3276.0
374546,3275.0
374579,3280.0
114322,3281.0
57979,3282.0
103379,3283.0
158698,3284.0
516182,3285.0
389330,3286.0
104499,3287.0
164920,676.0
469346,3288.0
481031,3289.0
522341,3287.0
400143,3287.0
128590,3288.0
508426,3290.0
116272,3291.0
12105,3292.0
12172,3293.0
12292,3294.0
150250,1993.0
154519,3295.0
154530,3296.0
483284,3297.0
524342,3298.0
546522,3295.0
589336,3299.0
463228,1981.0
513902,3300.0
169944,3301.0
183858,3296.0
446208,1991.0
30468,3302.0
30480,3303.0
30491,3304.0
30503,3305.0
30514,3306.0
30525,3307.0
31099,3308.0
32067,2133.0
32836,3309.0
52849,3310.0
52862,2136.0
52895,2133.0
52918,3311.0
52929,914.0
52940,2133.0
52953,902.0
62931,3312.0
65231,2135.0
65242,3313.0
65253,3314.0
65264,914.0
65275,2133.0
65286,3315.0
70867,2136.0
70879,2136.0
70890,2133.0
70901,2133.0
84164,3316.0
84175,3317.0
90612,2136.0
90623,3318.0
90634,2133.0
90645,3319.0
144409,3320.0
462285,914.0
520082,3306.0
488627,3321.0
422817,2136.0
564108,898.0
519582,2133.0
535439,3322.0
562772,3323.0
562805,3324.0
518097,3325.0
538993,3326.0
575515,3327.0
559951,914.0
417731,3328.0
485740,3306.0
411103,2136.0
445686,3329.0
158716,3330.0
161417,3331.0
124000,902.0
519914,3332.0
425395,902.0
126153,3333.0
189624,3334.0
456076,3335.0
479122,2136.0
493888,3336.0
108124,898.0
144442,3337.0
373411,3338.0
193323,3339.0
171248,3316.0
422064,2133.0
425276,3340.0
569402,3341.0
196893,3342.0
26459,3343.0
47493,3344.0
66432,3345.0
101108,3346.0
104757,3347.0
452419,3348.0
493160,3349.0
475334,3350.0
571157,3351.0
589220,3352.0
595469,3353.0
177468,3354.0
454335,1441.0
494004,3355.0
179539,3356.0
199099,2725.0
400979,3357.0
407986,3358.0
399158,3359.0
52634,3360.0
58108,3361.0
60010,3362.0
71567,3363.0
71579,3364.0
72641,3365.0
72654,3366.0
81669,3361.0
85838,3367.0
85849,3368.0
100305,3369.0
166799,3361.0
163474,3370.0
523673,3371.0
502633,3372.0
547381,3361.0
554903,3373.0
505743,3374.0
538757,3375.0
195295,3376.0
542553,3369.0
526380,3377.0
543594,3361.0
157339,3378.0
157460,3368.0
172973,3379.0
181119,3380.0
181536,3380.0
85092,3381.0
115209,3377.0
468425,3382.0
16285,3383.0
16294,3384.0
16315,3385.0
16318,3386.0
16323,3387.0
16395,3388.0
20282,3389.0
25772,3390.0
28135,3391.0
28146,3392.0
28157,3393.0
33588,3394.0
35067,3395.0
41050,3396.0
50605,3397.0
50614,3398.0
51865,3399.0
54182,3400.0
69368,3401.0
76868,3398.0
80088,3402.0
103889,3403.0
126544,3404.0
472061,3385.0
427255,3405.0
484135,3405.0
508340,3389.0
534306,3406.0
424121,3388.0
562752,3407.0
560293,3408.0
377723,3409.0
434987,3410.0
525497,3411.0
174813,3412.0
467756,3400.0
560691,3413.0
536228,3414.0
157531,3384.0
154731,3405.0
127710,3415.0
406356,3416.0
419072,3417.0
439035,3400.0
474252,3418.0
496306,3419.0
155485,3420.0
117299,3387.0
173348,3421.0
192637,3422.0
115813,3423.0
392606,3424.0
394880,3425.0
408144,3426.0
410915,3427.0
395831,3405.0
425313,3428.0
545104,3429.0
494237,3430.0
494286,3431.0
37358,3432.0
59989,3433.0
117531,3434.0
117564,3435.0
511797,3436.0
372151,3437.0
526368,3438.0
133415,3439.0
492405,3440.0
502047,3432.0
193980,3441.0
444430,3441.0
468142,3432.0
4659,nan
4676,nan
4687,nan
84389,3445.0
461393,3446.0
118937,3447.0
561202,3448.0
535535,3449.0
455160,3450.0
374806,3451.0
409335,3452.0
2320,nan
102769,2629.0
102778,2627.0
102787,2624.0
102796,2613.0
103906,3454.0
146438,3455.0
146450,3456.0
477059,3457.0
572641,3458.0
146427,3459.0
373184,3457.0
373288,3460.0
142903,3461.0
110979,3462.0
482198,3463.0
407423,3464.0
127231,3465.0
472813,3466.0
584680,3467.0
584714,3468.0
584722,3469.0
584961,3470.0
584979,3471.0
414960,3472.0
597117,3473.0
161613,3474.0
135033,3475.0
382899,3476.0
121374,3477.0
39589,3478.0
48447,2285.0
68862,3479.0
71810,3007.0
79272,327.0
105046,3480.0
123918,3481.0
152969,3482.0
151037,333.0
130610,3483.0
142321,3484.0
141017,3485.0
483903,335.0
506246,3486.0
551873,3486.0
499733,3487.0
539574,3486.0
546531,3488.0
569433,1306.0
590992,3489.0
179602,3484.0
575375,3490.0
581436,3491.0
183577,1114.0
416597,3011.0
568888,3492.0
425434,3485.0
570904,3493.0
410368,3487.0
471391,3494.0
167999,3495.0
374845,3487.0
395273,3496.0
474292,3497.0
148786,3497.0
130176,3498.0
130429,3478.0
190291,334.0
193285,327.0
375304,327.0
409632,1306.0
160532,3499.0
160627,3500.0
518695,3501.0
57001,2764.0
89368,2767.0
101777,2757.0
551674,2755.0
488688,818.0
405122,2763.0
520949,2759.0
599882,2761.0
468641,2766.0
489798,2758.0
537099,2764.0
585265,2756.0
401820,2762.0
437576,3502.0
26884,3503.0
62292,3504.0
124231,3505.0
129436,3503.0
195262,3505.0
396254,3504.0
452967,3506.0
19156,3507.0
19289,3508.0
100473,3509.0
461938,3510.0
460234,3511.0
486860,3512.0
519311,3513.0
527132,3514.0
410077,3515.0
168589,3516.0
437043,1919.0
142849,3517.0
397167,3518.0
397223,3519.0
41225,3520.0
41866,3521.0
58331,3522.0
82316,3520.0
94311,3523.0
100849,3522.0
102870,3520.0
144225,3522.0
136130,3524.0
429622,3525.0
159605,3526.0
174939,3522.0
592510,3525.0
183521,3527.0
163911,3520.0
455939,3525.0
395896,3521.0
162353,3525.0
438219,3522.0
418815,3525.0
420480,3520.0
10361,3172.0
16622,3528.0
35688,3529.0
41996,3530.0
98267,3531.0
466122,3461.0
185248,3461.0
173344,3532.0
409474,1493.0
409763,1464.0
2019,nan
2085,nan
2124,nan
2245,nan
71393,3537.0
78596,3538.0
78605,3539.0
461344,3540.0
472162,3541.0
490405,3542.0
550033,3543.0
553272,3544.0
400173,3545.0
506533,3546.0
574395,3547.0
536179,3548.0
159003,3549.0
522531,3550.0
519079,3551.0
398181,3552.0
74136,3553.0
80987,3554.0
443932,3555.0
524804,3556.0
498549,3557.0
179023,3558.0
110191,3559.0
177646,3560.0
472909,3561.0
541217,3560.0
546730,3560.0
449978,1450.0
131282,3561.0
470523,3561.0
79261,3562.0
183039,3563.0
7986,nan
8194,nan
15783,3566.0
15895,3567.0
20758,3568.0
20781,3569.0
28437,3570.0
72679,3571.0
76700,3572.0
102476,3573.0
413546,3574.0
164253,1981.0
164264,1991.0
164275,1993.0
172371,3575.0
510328,3576.0
488140,3577.0
499419,3578.0
486750,3579.0
422353,3580.0
176472,3581.0
465672,3582.0
411012,3583.0
511137,3584.0
511201,3585.0
513446,3586.0
152891,3587.0
486361,3574.0
554163,3588.0
128541,3574.0
128552,3589.0
128563,3580.0
128574,3590.0
128585,3591.0
110567,3592.0
446727,3593.0
419532,3594.0
399175,3595.0
429156,3596.0
418873,3597.0
489264,3598.0
16791,3599.0
16802,3600.0
16868,3601.0
504015,3601.0
189463,3601.0
591333,3599.0
192763,3602.0
21593,2402.0
21604,2401.0
21614,2410.0
21641,2414.0
47826,3603.0
69106,3604.0
69115,2413.0
89009,929.0
91931,2401.0
94827,2401.0
98823,3605.0
104471,3606.0
104489,3607.0
111862,2414.0
122419,3608.0
122509,2401.0
172896,3609.0
460035,2410.0
405148,3610.0
535639,2414.0
593489,2401.0
576277,3611.0
595418,3612.0
560419,3613.0
373267,3614.0
541352,2414.0
555684,3615.0
175323,3616.0
165974,2413.0
187513,3617.0
380162,3618.0
171209,3606.0
410951,3619.0
440925,3620.0
13113,3621.0
13124,3622.0
13135,3623.0
18144,2072.0
18227,2067.0
21265,3624.0
21276,2069.0
23847,2071.0
23859,2070.0
23886,2068.0
23897,2069.0
23901,2067.0
24248,2071.0
24310,2067.0
24321,3625.0
24333,2069.0
24344,2070.0
24346,2068.0
24838,1488.0
24849,3626.0
24852,3627.0
24860,3628.0
24871,3629.0
27058,2072.0
41942,3630.0
41951,3631.0
53400,3632.0
79416,3633.0
80833,2072.0
84669,3634.0
84696,3635.0
84705,3636.0
84714,3637.0
84751,3638.0
84778,3639.0
86530,3640.0
90166,3641.0
93425,3642.0
97356,3643.0
103988,3640.0
146668,3628.0
123031,1488.0
123043,3644.0
123054,3627.0
123065,3629.0
123076,3626.0
123087,3628.0
432576,3645.0
438708,3629.0
466034,3631.0
577969,3646.0
589015,2071.0
595187,3647.0
524981,3648.0
135275,3649.0
579147,3650.0
384108,3651.0
384162,3640.0
593741,3652.0
531829,1488.0
138879,3653.0
591517,3654.0
370212,3640.0
198976,3626.0
186415,3627.0
40708,3655.0
137222,3656.0
43319,3657.0
95447,3658.0
105402,3659.0
162491,3660.0
414661,3661.0
138947,3662.0
381038,3663.0
381046,3664.0
13660,3665.0
13720,3666.0
13907,3667.0
71792,3668.0
71804,3669.0
71816,3670.0
516094,3671.0
8488,nan
39955,3673.0
59882,3674.0
59938,3675.0
98813,3676.0
103197,3677.0
54611,3678.0
125889,3679.0
494846,3680.0
518241,3681.0
518258,3682.0
545609,3683.0
515653,3684.0
570258,3677.0
166117,3677.0
387724,3685.0
449665,3677.0
81678,3686.0
104610,3687.0
105794,1019.0
123060,3688.0
474994,3689.0
477590,1019.0
542198,3690.0
535752,3691.0
598921,3692.0
387964,3693.0
531670,3694.0
390254,3695.0
396683,995.0
434350,3696.0
161918,995.0
382730,995.0
389085,3697.0
462488,1019.0
114235,3698.0
26107,3699.0
30519,3700.0
33983,3699.0
39028,3701.0
40080,3701.0
40091,3699.0
40102,3702.0
40115,3703.0
40126,3704.0
40137,3705.0
51199,3706.0
55270,3699.0
68717,3707.0
89801,3708.0
89913,3709.0
89936,3710.0
172283,3711.0
156403,3712.0
485996,3699.0
491416,3698.0
490650,3699.0
487097,3701.0
530892,3703.0
556237,3713.0
564618,3714.0
518090,3704.0
581202,3705.0
577111,3715.0
596331,3703.0
198396,3703.0
377591,3705.0
489652,3716.0
565452,3704.0
374873,3717.0
419222,3714.0
524057,3700.0
194391,3701.0
379226,3701.0
390776,3705.0
383582,3718.0
380207,3719.0
380250,3703.0
197241,3717.0
112229,3704.0
426293,3705.0
445101,3698.0
462746,3699.0
28805,3720.0
64467,3721.0
70027,3722.0
79718,3723.0
80156,3724.0
475249,3725.0
572371,3726.0
511443,3727.0
505046,3723.0
510947,3728.0
598757,3723.0
386217,3722.0
548978,3727.0
516727,3729.0
193420,3730.0
173619,3723.0
471099,3726.0
13978,3731.0
13989,3732.0
38653,2635.0
122939,3733.0
171822,3734.0
111231,3735.0
14852,2848.0
15461,2849.0
26779,3736.0
39937,3737.0
40823,3055.0
66508,1433.0
75187,3736.0
80201,3736.0
133615,3738.0
487740,3739.0
576509,3740.0
546225,3736.0
428393,3741.0
530162,2847.0
530188,2842.0
530411,3742.0
153951,3743.0
594694,3744.0
194534,2848.0
375556,2842.0
405663,3745.0
112992,3746.0
406061,3747.0
391980,3748.0
423086,3749.0
496377,3750.0
456898,3751.0
19507,3752.0
19514,3753.0
19538,3754.0
30725,3752.0
35591,2849.0
72950,3754.0
130522,3755.0
133563,2849.0
508086,3756.0
489969,3756.0
597476,3757.0
591833,3758.0
577530,3759.0
180162,3757.0
506863,3757.0
416460,3756.0
133508,2847.0
133530,2848.0
133552,2842.0
528761,3754.0
117114,3760.0
388638,3756.0
48505,3761.0
4360,nan
4369,nan
4385,nan
4391,nan
5025,nan
13513,3037.0
13571,3030.0
145830,3766.0
39643,3767.0
54240,3768.0
54252,3769.0
54263,3770.0
54274,3771.0
55456,3772.0
72990,3773.0
73001,3774.0
73025,3775.0
79654,3023.0
79666,3027.0
79677,3035.0
95575,3776.0
98098,3777.0
126576,3778.0
503632,3779.0
565774,3780.0
179670,3781.0
440519,3782.0
591462,3783.0
173060,3784.0
410957,3037.0
6134,nan
15733,3786.0
15755,3787.0
26903,3788.0
32395,3789.0
33038,3790.0
34850,3791.0
43015,3792.0
43182,3793.0
56196,3794.0
58040,3795.0
61800,3795.0
72766,3796.0
89996,3797.0
98535,3798.0
117828,3306.0
148267,3799.0
146601,3800.0
432712,3799.0
517495,3787.0
574882,3801.0
553518,1759.0
571728,3802.0
540220,3803.0
158608,3804.0
158619,3805.0
143586,3806.0
483600,3807.0
187417,3799.0
192393,3808.0
190131,3807.0
374304,3808.0
401262,3786.0
129873,3809.0
62589,3810.0
62598,3811.0
62607,3812.0
66223,3813.0
66232,3814.0
66242,3815.0
97303,3816.0
97311,3817.0
389475,3818.0
408343,3819.0
539629,3820.0
136964,3821.0
136975,3822.0
136987,3823.0
136998,3824.0
76384,3825.0
76395,3826.0
461050,374.0
5741,nan
55873,3828.0
70153,3829.0
75207,3830.0
81069,3831.0
85473,3832.0
94202,3833.0
94270,3834.0
94281,3835.0
94293,3836.0
94304,3837.0
94327,3832.0
94338,3829.0
94349,3838.0
94361,3839.0
94372,3830.0
94384,3830.0
95195,3838.0
98790,3840.0
172684,3841.0
172692,3842.0
172759,3843.0
172916,3844.0
81058,3845.0
472143,3830.0
529352,3846.0
459342,3847.0
572454,3848.0
176167,3849.0
400064,3850.0
569553,3829.0
419182,3830.0
180351,3839.0
179520,3851.0
49265,3832.0
17700,3852.0
17766,3853.0
21820,3854.0
78476,3855.0
490552,3856.0
408669,3857.0
510732,3858.0
582039,3859.0
598708,3860.0
137820,3861.0
523801,3862.0
591461,3863.0
188191,3864.0
446771,3865.0
114013,3866.0
5775,nan
5813,nan
5814,nan
8453,nan
24192,3870.0
33590,3871.0
33612,3872.0
33623,3873.0
34230,3874.0
34241,1231.0
34253,3875.0
38252,3876.0
48002,3877.0
48744,3860.0
50893,3874.0
51293,3878.0
63441,3879.0
76200,3880.0
77764,3881.0
82830,3882.0
83644,3858.0
87653,3883.0
89266,3879.0
99233,3884.0
101452,3872.0
101461,3875.0
101488,3874.0
102869,1231.0
102878,3873.0
102887,3866.0
102896,3871.0
111955,3885.0
108741,3886.0
177709,3887.0
156864,3888.0
39298,3874.0
165667,3889.0
395449,3871.0
484121,3890.0
505995,3866.0
541157,3891.0
500630,3892.0
547764,3875.0
507343,3893.0
557619,3894.0
520956,3895.0
519350,3877.0
556091,3896.0
556578,3897.0
550616,3898.0
550624,3899.0
550673,3900.0
550731,3901.0
550830,3902.0
466001,3903.0
381313,3904.0
394300,3871.0
152591,3905.0
504319,3906.0
497332,3907.0
519200,3881.0
580101,3907.0
512227,3872.0
471821,3908.0
177431,3896.0
371407,3883.0
424912,3905.0
424960,3909.0
460899,3910.0
499033,3873.0
557907,3911.0
107872,3875.0
167785,3871.0
167796,3874.0
167818,3912.0
167829,3873.0
161755,3913.0
156875,3874.0
156908,3914.0
156920,3875.0
117227,3879.0
377207,3879.0
391064,3905.0
415444,1231.0
388390,3903.0
409193,3865.0
397192,3889.0
114266,3875.0
433126,3915.0
436907,3916.0
401949,3896.0
434639,3917.0
109593,3874.0
437663,3883.0
402837,3881.0
462308,3873.0
452209,3875.0
468043,3904.0
128041,3918.0
1696,nan
1762,nan
12384,3921.0
12432,3922.0
12460,3923.0
139828,3924.0
139839,3925.0
36275,3926.0
47490,3927.0
47501,3928.0
47512,3929.0
54157,3930.0
57104,3931.0
64318,3858.0
76844,3932.0
84573,3933.0
87612,3934.0
98119,3935.0
98130,3936.0
102449,3937.0
102474,3858.0
78290,3938.0
551846,1124.0
490529,3939.0
533982,3940.0
566682,3941.0
539457,3923.0
491810,3942.0
576810,3860.0
523152,3865.0
551929,1135.0
551937,1121.0
550340,3943.0
472756,3944.0
585143,3945.0
435162,3946.0
530297,3947.0
414096,3948.0
381247,3949.0
544095,3950.0
157438,3951.0
157446,3952.0
503143,3953.0
383745,3954.0
537091,3955.0
476964,3956.0
382263,3957.0
507691,3941.0
168385,3958.0
169102,3959.0
190329,3941.0
384657,3960.0
405217,3961.0
402409,3962.0
391578,3921.0
391774,3862.0
414174,3963.0
454731,3964.0
432444,3965.0
442651,3945.0
453117,3966.0
457883,3967.0
101671,3968.0
104056,3969.0
142425,3970.0
466255,3971.0
478573,3972.0
468600,3973.0
20662,3974.0
512608,3975.0
8767,nan
8782,nan
108433,3978.0
507315,3979.0
379760,3980.0
461107,3981.0
430232,3982.0
145691,3983.0
424122,3984.0
192458,3985.0
18668,3986.0
21625,3987.0
35212,3988.0
37995,3989.0
56432,3990.0
56465,3991.0
61999,3881.0
62197,3992.0
82007,3993.0
82939,3994.0
100084,3903.0
100899,3995.0
101027,3883.0
104760,3996.0
104836,3997.0
104851,3998.0
54635,3999.0
148263,3993.0
148274,4000.0
148285,4001.0
427136,2328.0
485049,4002.0
513993,4003.0
514113,4004.0
511675,4005.0
520187,4006.0
547054,4007.0
589888,4008.0
521482,4009.0
560589,3879.0
528584,4002.0
407181,4010.0
386970,3993.0
387112,4001.0
537016,3896.0
151810,4011.0
371557,4012.0
388679,4002.0
444362,4013.0
192452,4014.0
121352,4015.0
382884,3993.0
389088,3989.0
384466,4000.0
405369,4014.0
396463,4016.0
414188,4001.0
422035,4017.0
454918,4018.0
416317,2330.0
433438,4019.0
113468,3905.0
118612,4020.0
